thread_id,doc_id,fecha,familia
H0000,1781,2013-04-10,10
H0000,1821,2013-04-11,10
H0000,6449,2013-04-22,0
H0000,1804,2013-06-07,14
H0000,15187,2013-10-18,5
H0000,6460,2014-03-03,0
H0000,15188,2014-03-10,10
H0000,15195,2014-03-11,5
H0000,6003,2014-04-11,10
H0000,6450,2014-08-25,0
H0000,1779,2015-01-22,13
H0000,6437,2015-01-23,10
H0000,1783,2015-02-11,10
H0000,15193,2015-03-24,5
H0000,1825,2015-05-14,5
H0000,15176,2015-11-27,5
H0000,1747,2016-11-07,14
H0000,22508,2016-11-16,8
H0000,2804,2016-11-25,3
H0000,16808,2016-12-05,7
H0000,1672,2017-03-09,5
H0000,15191,2017-03-26,5
H0000,1697,2017-07-20,7
H0000,1644,2017-07-27,13
H0000,16805,2017-08-02,7
H0000,16801,2017-08-07,7
H0000,15169,2017-08-21,5
H0000,1737,2017-08-22,22
H0000,1700,2017-08-25,5
H0000,1612,2017-09-01,25
H0000,15172,2017-10-13,27
H0000,1272,2017-10-17,14
H0000,1740,2017-10-18,14
H0000,1581,2017-10-25,15
H0000,2810,2017-11-19,1
H0000,1649,2017-12-01,5
H0000,1675,2017-12-02,5
H0000,15177,2017-12-20,10
H0000,1032,2018-01-17,13
H0000,1770,2018-01-19,14
H0000,17003,2018-01-20,10
H0000,1696,2018-01-22,7
H0000,1813,2018-01-22,11
H0000,15158,2018-01-22,5
H0000,17376,2018-01-22,6
H0000,1793,2018-01-23,10
H0000,179,2018-02-01,13
H0000,16977,2018-02-07,11
H0000,5660,2018-03-02,2
H0000,2228,2018-03-09,5
H0000,15151,2018-03-14,5
H0000,1717,2018-04-03,27
H0000,1738,2018-04-03,7
H0000,1722,2018-04-10,5
H0000,1609,2018-06-04,14
H0000,1715,2018-06-12,5
H0000,1823,2018-07-24,5
H0000,1730,2018-08-02,7
H0000,1716,2018-08-16,25
H0000,1516,2018-09-27,14
H0000,15175,2018-10-22,10
H0000,1584,2018-10-31,14
H0000,1966,2018-11-10,14
H0000,2517,2018-11-11,14
H0000,1521,2018-11-12,14
H0000,1822,2018-11-13,11
H0000,2002,2019-01-07,14
H0000,1598,2019-01-22,14
H0000,1620,2019-02-18,25
H0000,16807,2019-03-04,3
H0000,1605,2019-03-07,27
H0000,1695,2019-03-14,5
H0000,1703,2019-03-18,7
H0000,16975,2019-03-21,5
H0000,837,2019-03-29,23
H0000,2435,2019-03-29,23
H0000,1953,2019-04-15,25
H0000,1947,2019-04-16,25
H0000,1967,2019-05-07,13
H0000,2172,2019-06-03,10
H0000,1957,2019-06-03,0
H0000,5140,2019-06-05,1
H0000,2801,2019-08-01,27
H0000,1908,2019-08-15,7
H0000,6382,2019-09-10,16
H0000,6837,2019-09-10,10
H0000,7158,2019-10-07,10
H0000,15156,2019-10-09,7
H0000,6001,2019-10-11,10
H0000,8046,2019-10-29,22
H0000,1273,2019-12-26,14
H0000,42,2019-12-27,14
H0000,1270,2019-12-27,14
H0000,7260,2020-01-09,10
H0000,6059,2020-01-15,10
H0000,19481,2020-01-20,1
H0000,3415,2020-01-20,1
H0000,3418,2020-01-23,10
H0000,6963,2020-02-04,15
H0000,6987,2020-02-04,15
H0000,6996,2020-02-04,15
H0000,7026,2020-02-04,15
H0000,1491,2020-02-05,16
H0000,6977,2020-02-05,15
H0000,1522,2020-02-10,25
H0000,1142,2020-02-11,14
H0000,15179,2020-02-17,10
H0000,13827,2020-02-24,7
H0000,1625,2020-03-04,27
H0000,8056,2020-05-19,16
H0000,2788,2020-05-19,1
H0000,1699,2020-05-30,5
H0000,17608,2020-06-26,27
H0000,1772,2020-07-06,13
H0000,17609,2020-07-08,7
H0000,1280,2020-07-28,14
H0000,5161,2020-08-04,2
H0000,11799,2020-08-06,1
H0000,1778,2020-08-09,2
H0000,5154,2020-08-11,1
H0000,1517,2020-08-21,13
H0000,358,2020-08-26,25
H0000,1274,2020-08-26,13
H0000,1477,2020-09-03,14
H0000,1807,2020-09-17,14
H0000,1810,2020-09-17,14
H0000,15185,2020-09-17,10
H0000,4376,2020-09-22,27
H0000,5141,2020-10-27,2
H0000,291,2020-11-02,13
H0000,1948,2020-11-03,13
H0000,19484,2020-11-04,1
H0000,1805,2020-11-11,5
H0000,1523,2020-11-17,14
H0000,1135,2020-12-02,11
H0000,6047,2020-12-11,0
H0000,397,2021-01-26,25
H0000,302,2021-02-02,2
H0000,4817,2021-02-09,25
H0000,7320,2021-02-12,10
H0000,2787,2021-02-25,1
H0000,5203,2021-02-26,26
H0000,20373,2021-03-01,9
H0000,1749,2021-03-15,5
H0000,3851,2021-03-19,6
H0000,19035,2021-03-25,10
H0000,1638,2021-04-21,7
H0000,1734,2021-04-28,22
H0000,280,2021-06-29,25
H0000,851,2021-07-18,1
H0000,20366,2021-07-23,10
H0000,4248,2021-07-30,6
H0000,3829,2021-08-05,27
H0000,288,2021-08-10,1
H0000,15149,2021-08-10,5
H0000,1615,2021-08-11,-1
H0000,1628,2021-08-11,-1
H0000,1629,2021-08-11,25
H0000,1631,2021-08-11,-1
H0000,1670,2021-08-11,7
H0000,15142,2021-08-11,7
H0000,1626,2021-08-12,7
H0000,1637,2021-08-12,7
H0000,16802,2021-08-12,7
H0000,1646,2021-08-13,5
H0000,1741,2021-08-13,14
H0000,18334,2021-08-13,7
H0000,1611,2021-08-14,25
H0000,1525,2021-08-14,9
H0000,1826,2021-08-14,11
H0000,1827,2021-08-14,11
H0000,1718,2021-08-16,5
H0000,1603,2021-08-19,15
H0000,16793,2021-08-28,7
H0000,4388,2021-09-15,27
H0000,19185,2021-09-27,23
H0000,16800,2021-09-28,11
H0000,1610,2021-10-05,25
H0000,1639,2021-10-05,7
H0000,1729,2021-10-19,14
H0000,8038,2021-10-26,6
H0000,1745,2021-10-27,27
H0000,1602,2021-11-17,7
H0000,826,2021-11-18,1
H0000,1819,2021-12-03,14
H0000,16976,2022-01-10,13
H0000,1634,2022-01-12,7
H0000,5756,2022-01-12,2
H0000,15138,2022-01-12,27
H0000,23170,2022-01-12,7
H0000,16813,2022-01-13,8
H0000,1665,2022-01-17,5
H0000,1561,2022-01-18,13
H0000,1253,2022-01-19,13
H0000,2112,2022-01-26,13
H0000,1479,2022-01-31,14
H0000,4731,2022-02-09,6
H0000,15196,2022-02-10,5
H0000,15937,2022-02-10,11
H0000,7169,2022-02-10,10
H0000,1907,2022-03-03,-1
H0000,6698,2022-03-04,8
H0000,1487,2022-03-11,15
H0000,1596,2022-03-11,15
H0000,1811,2022-03-11,14
H0000,1820,2022-03-11,14
H0000,2809,2022-03-28,1
H0000,1246,2022-03-31,13
H0000,1614,2022-04-07,25
H0000,1668,2022-04-07,11
H0000,15146,2022-04-07,5
H0000,2789,2022-04-07,23
H0000,396,2022-04-08,15
H0000,1709,2022-04-25,5
H0000,7159,2022-05-03,10
H0000,4395,2022-05-04,0
H0000,7175,2022-05-04,10
H0000,265,2022-05-12,13
H0000,3827,2022-05-16,6
H0000,1694,2022-05-19,7
H0000,4361,2022-06-14,26
H0000,7148,2022-06-24,10
H0000,3412,2022-07-03,9
H0000,4358,2022-07-03,27
H0000,4783,2022-07-12,26
H0000,1485,2022-07-15,15
H0000,1499,2022-07-15,14
H0000,15166,2022-07-21,7
H0000,15975,2022-07-30,0
H0000,4274,2022-08-02,6
H0000,1141,2022-08-04,11
H0000,16764,2022-08-25,24
H0000,1546,2022-08-26,13
H0000,4816,2022-08-30,14
H0000,1593,2022-08-31,13
H0000,4788,2022-09-07,26
H0000,1761,2022-09-15,11
H0000,1962,2022-09-27,-1
H0000,2224,2022-09-28,10
H0000,4366,2022-10-03,24
H0000,6531,2022-10-27,3
H0000,1508,2022-11-03,14
H0000,1513,2022-11-15,14
H0000,1797,2022-11-15,11
H0000,2010,2022-11-15,11
H0000,378,2022-11-23,25
H0000,4371,2022-12-26,24
H0000,16798,2022-12-29,15
H0000,1721,2022-12-31,5
H0000,4396,2023-01-04,24
H0000,15996,2023-01-05,24
H0000,1647,2023-01-11,5
H0000,1488,2023-01-12,25
H0000,1597,2023-01-13,27
H0000,1619,2023-01-13,-1
H0000,3962,2023-01-13,6
H0000,1743,2023-01-14,11
H0000,1346,2023-01-14,25
H0000,1731,2023-01-15,22
H0000,8045,2023-01-16,25
H0000,1710,2023-01-17,5
H0000,1604,2023-01-18,7
H0000,1613,2023-01-18,25
H0000,1640,2023-01-18,5
H0000,1664,2023-01-18,5
H0000,1666,2023-01-18,7
H0000,1727,2023-01-18,7
H0000,8775,2023-01-18,7
H0000,15141,2023-01-18,5
H0000,15148,2023-01-18,7
H0000,16803,2023-01-18,7
H0000,16804,2023-01-18,7
H0000,17369,2023-01-19,6
H0000,23164,2023-01-19,7
H0000,1735,2023-01-20,7
H0000,1567,2023-02-15,25
H0000,1265,2023-02-16,13
H0000,16812,2023-02-24,7
H0000,4397,2023-03-09,24
H0000,1929,2023-03-11,5
H0000,1527,2023-03-18,-1
H0000,4362,2023-04-04,6
H0000,18708,2023-04-13,16
H0000,7168,2023-04-17,10
H0000,2245,2023-04-18,1
H0000,2190,2023-04-19,10
H0000,2193,2023-04-19,10
H0000,1205,2023-04-20,-1
H0000,1932,2023-04-21,-1
H0000,7145,2023-04-28,10
H0000,2175,2023-05-02,11
H0000,2178,2023-05-02,11
H0000,41,2023-05-04,13
H0000,970,2023-05-04,25
H0000,2210,2023-05-04,25
H0000,978,2023-05-05,13
H0000,1928,2023-05-05,13
H0000,1930,2023-05-05,13
H0000,983,2023-05-08,25
H0000,1105,2023-05-09,11
H0000,2211,2023-05-10,25
H0000,2206,2023-05-11,13
H0000,2213,2023-05-16,13
H0000,1088,2023-05-20,11
H0000,1987,2023-05-23,13
H0000,3410,2023-05-23,12
H0000,2781,2023-05-25,12
H0000,1242,2023-06-12,13
H0000,1555,2023-06-12,25
H0000,1551,2023-06-15,13
H0000,4250,2023-06-24,6
H0000,2227,2023-06-27,11
H0000,6416,2023-06-29,13
H0000,1680,2023-06-30,5
H0000,15137,2023-06-30,7
H0000,1244,2023-06-30,-1
H0000,1933,2023-06-30,13
H0000,1954,2023-06-30,13
H0000,1972,2023-06-30,13
H0000,15143,2023-07-01,5
H0000,301,2023-07-03,25
H0000,271,2023-07-06,11
H0000,18028,2023-07-11,13
H0000,2217,2023-07-19,11
H0000,1498,2023-07-27,15
H0000,15152,2023-07-28,5
H0000,2770,2023-07-31,12
H0000,2782,2023-08-01,12
H0000,2786,2023-08-01,12
H0000,2012,2023-08-10,15
H0000,1524,2023-08-22,13
H0000,1986,2023-08-26,13
H0000,22269,2023-08-30,3
H0000,22503,2023-09-29,1
H0000,6917,2023-10-04,22
H0000,4237,2023-10-10,24
H0000,4582,2023-10-13,24
H0000,7626,2023-10-23,-1
H0000,1263,2023-10-26,13
H0000,1277,2023-10-26,13
H0000,16980,2023-11-09,13
H0000,1275,2023-11-10,11
H0000,1562,2023-11-21,25
H0000,2792,2023-12-12,1
H0000,272,2023-12-13,11
H0000,2777,2023-12-14,27
H0000,1618,2023-12-15,13
H0000,1663,2023-12-20,5
H0000,1682,2023-12-21,5
H0000,15154,2023-12-26,7
H0000,1725,2023-12-27,5
H0000,6380,2023-12-28,0
H0000,1919,2023-12-28,13
H0000,1926,2023-12-28,13
H0000,1931,2023-12-28,13
H0000,1934,2023-12-28,13
H0000,1949,2023-12-28,5
H0000,1970,2023-12-28,5
H0000,1917,2023-12-29,13
H0000,1920,2023-12-29,13
H0000,1923,2023-12-29,13
H0000,1921,2024-01-06,13
H0000,1938,2024-01-09,13
H0000,1952,2024-01-09,5
H0000,210,2024-01-10,14
H0000,6384,2024-01-10,13
H0000,1005,2024-01-10,13
H0000,1945,2024-01-10,13
H0000,6383,2024-01-11,16
H0000,1936,2024-01-11,13
H0000,1943,2024-01-11,13
H0000,11793,2024-01-12,10
H0000,1941,2024-01-12,13
H0000,6373,2024-01-13,16
H0000,1937,2024-01-13,13
H0000,1946,2024-01-13,13
H0000,1951,2024-01-13,13
H0000,4020,2024-01-15,24
H0000,1225,2024-01-16,13
H0000,8986,2024-01-17,10
H0000,1940,2024-01-17,13
H0000,7171,2024-01-17,10
H0000,1585,2024-01-20,13
H0000,8069,2024-01-21,16
H0000,1509,2024-01-22,11
H0000,1595,2024-01-22,13
H0000,1732,2024-01-22,11
H0000,4630,2024-01-22,5
H0000,15940,2024-01-23,11
H0000,4351,2024-01-23,27
H0000,4382,2024-01-23,27
H0000,1583,2024-01-29,13
H0000,1486,2024-01-30,13
H0000,1788,2024-01-31,14
H0000,22495,2024-01-31,10
H0000,1589,2024-02-01,13
H0000,1108,2024-02-08,25
H0000,1616,2024-02-09,25
H0000,1569,2024-02-16,13
H0000,1573,2024-02-17,13
H0000,7366,2024-02-20,-1
H0000,1579,2024-02-21,13
H0000,9084,2024-03-03,13
H0000,1510,2024-03-05,25
H0000,4356,2024-03-08,24
H0000,1492,2024-03-11,14
H0000,1571,2024-03-12,13
H0000,2848,2024-03-14,25
H0000,2120,2024-03-26,-1
H0000,2209,2024-04-11,13
H0000,6004,2024-04-18,10
H0000,7149,2024-04-18,10
H0000,7153,2024-04-18,10
H0000,7174,2024-04-18,10
H0000,2018,2024-04-19,13
H0000,7146,2024-04-25,10
H0000,1281,2024-05-09,5
H0000,1792,2024-05-15,5
H0000,1794,2024-05-15,5
H0000,1808,2024-05-16,5
H0000,1568,2024-05-28,13
H0000,1284,2024-05-30,5
H0000,1250,2024-05-31,25
H0000,1515,2024-05-31,5
H0000,1925,2024-05-31,13
H0000,2800,2024-05-31,1
H0000,150,2024-06-03,13
H0000,175,2024-06-09,13
H0000,1969,2024-06-09,13
H0000,2207,2024-06-12,-1
H0000,1726,2024-06-13,14
H0000,5763,2024-06-14,2
H0000,3411,2024-06-14,1
H0000,1004,2024-06-20,5
H0000,1494,2024-06-21,14
H0000,2779,2024-06-23,2
H0000,1550,2024-06-25,13
H0000,1503,2024-06-27,14
H0000,2188,2024-07-05,25
H0000,7620,2024-07-09,-1
H0000,1806,2024-07-12,14
H0000,3959,2024-07-16,27
H0000,2796,2024-07-23,1
H0000,2006,2024-07-24,14
H0000,1339,2024-07-25,13
H0000,4578,2024-07-25,24
H0000,7161,2024-07-25,10
H0000,7082,2024-07-26,8
H0000,392,2024-07-27,25
H0000,3413,2024-07-31,3
H0000,8668,2024-08-01,10
H0000,1282,2024-08-01,5
H0000,1935,2024-08-01,13
H0000,1918,2024-08-03,13
H0000,161,2024-08-05,1
H0000,16003,2024-08-08,6
H0000,4244,2024-08-08,6
H0000,4386,2024-08-08,6
H0000,4602,2024-08-09,6
H0000,8633,2024-08-15,4
H0000,1506,2024-08-23,11
H0000,2240,2024-08-23,11
H0000,1490,2024-08-24,14
H0000,1500,2024-08-26,14
H0000,1480,2024-08-28,14
H0000,1483,2024-08-29,14
H0000,1608,2024-09-07,25
H0000,1564,2024-09-12,11
H0000,3955,2024-09-16,27
H0000,2797,2024-09-24,1
H0000,17638,2024-09-25,26
H0000,1130,2024-09-25,14
H0000,8155,2024-09-26,26
H0000,2775,2024-09-26,12
H0000,12715,2024-09-30,8
H0000,2795,2024-09-30,1
H0000,17231,2024-10-02,6
H0000,3963,2024-10-02,6
H0000,3414,2024-10-04,23
H0000,17277,2024-10-10,12
H0000,2488,2024-10-12,1
H0000,3948,2024-10-16,6
H0000,2105,2024-10-24,-1
H0000,1927,2024-10-25,14
H0000,39,2024-10-31,13
H0000,5110,2024-11-08,1
H0000,5491,2024-11-12,2
H0000,2184,2024-11-18,10
H0000,15341,2024-11-18,10
H0000,1134,2024-11-20,14
H0000,7619,2024-11-22,-1
H0000,8533,2024-11-26,18
H0000,1789,2024-11-26,14
H0000,1916,2024-11-30,13
H0000,1220,2024-12-02,25
H0000,1580,2024-12-04,13
H0000,18918,2024-12-05,2
H0000,2784,2024-12-06,1
H0000,404,2024-12-08,25
H0000,1658,2024-12-10,5
H0000,7166,2024-12-10,10
H0000,7179,2024-12-10,10
H0000,7212,2024-12-10,7
H0000,7216,2024-12-10,7
H0000,16797,2024-12-10,11
H0000,1577,2024-12-11,27
H0000,15164,2024-12-11,5
H0000,1588,2024-12-12,25
H0000,15132,2024-12-12,7
H0000,1224,2024-12-13,13
H0000,1692,2024-12-16,5
H0000,7571,2024-12-16,-1
H0000,1688,2024-12-17,7
H0000,7165,2024-12-17,10
H0000,15157,2024-12-17,5
H0000,1267,2024-12-17,15
H0000,1482,2024-12-17,15
H0000,1548,2024-12-17,15
H0000,1574,2024-12-17,15
H0000,5870,2024-12-18,27
H0000,15123,2024-12-19,7
H0000,2130,2024-12-19,15
H0000,7638,2024-12-19,-1
H0000,5322,2024-12-20,2
H0000,5323,2024-12-20,2
H0000,5591,2024-12-20,2
H0000,1689,2024-12-22,5
H0000,1924,2024-12-22,13
H0000,11609,2024-12-23,15
H0000,18323,2024-12-23,7
H0000,23173,2024-12-23,7
H0000,5328,2024-12-23,2
H0000,1591,2024-12-27,15
H0000,1686,2024-12-27,27
H0000,15128,2024-12-27,7
H0000,1566,2024-12-27,25
H0000,16792,2024-12-30,7
H0000,1218,2024-12-30,-1
H0000,17279,2024-12-31,7
H0000,7205,2025-01-02,7
H0000,1481,2025-01-02,14
H0000,18021,2025-01-03,-1
H0000,15130,2025-01-04,27
H0000,1572,2025-01-07,13
H0000,1559,2025-01-08,13
H0000,1586,2025-01-08,13
H0000,1662,2025-01-08,5
H0000,16794,2025-01-08,7
H0000,16796,2025-01-08,22
H0000,1563,2025-01-09,25
H0000,1713,2025-01-09,5
H0000,1719,2025-01-09,7
H0000,7185,2025-01-09,27
H0000,15126,2025-01-09,7
H0000,1576,2025-01-09,13
H0000,1565,2025-01-10,27
H0000,1594,2025-01-10,7
H0000,15131,2025-01-10,7
H0000,5500,2025-01-11,26
H0000,1211,2025-01-14,11
H0000,1558,2025-01-14,13
H0000,19968,2025-01-18,26
H0000,1742,2025-01-20,7
H0000,1279,2025-01-28,5
H0000,1496,2025-01-31,14
H0000,1590,2025-02-10,27
H0000,1437,2025-02-14,11
H0000,7196,2025-02-17,7
H0000,17282,2025-02-17,7
H0000,7181,2025-02-18,11
H0000,7186,2025-02-18,7
H0000,7189,2025-02-18,7
H0000,7215,2025-02-18,7
H0000,15127,2025-02-18,7
H0000,17268,2025-02-18,7
H0000,2771,2025-02-19,27
H0000,2772,2025-02-19,5
H0000,2798,2025-02-19,14
H0000,2799,2025-02-19,27
H0000,1950,2025-02-20,5
H0000,2773,2025-02-20,27
H0000,2774,2025-02-20,14
H0000,2802,2025-02-20,14
H0000,23163,2025-02-23,26
H0000,5315,2025-02-24,26
H0000,7615,2025-02-25,-1
H0000,1833,2025-03-06,11
H0000,5477,2025-03-06,26
H0000,1478,2025-03-09,11
H0000,5557,2025-03-18,26
H0000,17275,2025-03-25,7
H0000,1173,2025-03-25,11
H0000,1060,2025-03-26,25
H0000,1276,2025-03-26,25
H0000,1474,2025-04-02,14
H0000,17227,2025-04-03,6
H0000,7327,2025-04-07,10
H0000,2179,2025-04-11,25
H0000,1830,2025-04-17,5
H0000,18023,2025-04-22,25
H0000,1711,2025-04-24,5
H0000,1724,2025-04-24,5
H0000,7623,2025-04-28,-1
H0000,2090,2025-05-04,5
H0000,16717,2025-05-06,24
H0000,17191,2025-05-06,24
H0000,1679,2025-05-07,5
H0000,4340,2025-05-14,0
H0000,19050,2025-05-17,7
H0000,1676,2025-05-20,5
H0000,1677,2025-05-20,7
H0000,1858,2025-05-20,5
H0000,2100,2025-05-20,11
H0000,1685,2025-05-27,5
H0000,1176,2025-05-29,13
H0000,7608,2025-05-29,-1
H0000,7170,2025-05-30,5
H0000,1570,2025-06-03,13
H0000,1473,2025-06-04,-1
H0000,7147,2025-06-11,10
H0000,7137,2025-06-12,7
H0000,7190,2025-06-12,10
H0000,16790,2025-06-12,7
H0000,1536,2025-06-12,13
H0000,4324,2025-06-12,27
H0000,7172,2025-06-13,11
H0000,17588,2025-06-13,16
H0000,6833,2025-06-16,13
H0000,2776,2025-06-16,1
H0000,4554,2025-06-17,24
H0000,4019,2025-06-18,24
H0000,1155,2025-06-18,-1
H0000,1463,2025-06-19,14
H0000,4228,2025-06-19,24
H0000,4561,2025-06-19,24
H0000,4571,2025-06-19,24
H0000,4573,2025-06-19,24
H0000,6829,2025-06-21,7
H0000,4422,2025-06-23,24
H0000,4319,2025-06-24,6
H0000,4566,2025-06-24,24
H0000,4224,2025-06-25,24
H0000,3984,2025-06-29,24
H0000,4325,2025-06-29,24
H0000,105,2025-06-30,5
H0000,1869,2025-06-30,5
H0000,1895,2025-06-30,5
H0000,5476,2025-06-30,2
H0000,1873,2025-07-01,5
H0000,1899,2025-07-01,5
H0000,4556,2025-07-01,24
H0000,4322,2025-07-03,24
H0000,1383,2025-07-05,25
H0000,3407,2025-07-09,12
H0000,1174,2025-07-14,11
H0000,1906,2025-07-15,13
H0000,307,2025-07-16,13
H0000,8521,2025-07-16,18
H0000,1239,2025-07-16,13
H0000,1691,2025-07-16,13
H0000,1534,2025-07-17,13
H0000,1535,2025-07-17,13
H0000,1893,2025-07-17,5
H0000,2069,2025-07-18,5
H0000,4564,2025-07-23,27
H0000,7569,2025-07-23,-1
H0000,73,2025-07-25,11
H0000,1599,2025-07-25,25
H0000,1079,2025-07-26,25
H0000,1407,2025-07-27,25
H0000,1600,2025-07-28,25
H0000,1701,2025-07-29,5
H0000,305,2025-07-31,13
H0000,1683,2025-07-31,5
H0000,1259,2025-07-31,11
H0000,1168,2025-08-01,25
H0000,1260,2025-08-01,13
H0000,1678,2025-08-01,11
H0000,2163,2025-08-03,25
H0000,2919,2025-08-06,23
H0000,1238,2025-08-07,26
H0000,1471,2025-08-08,14
H0000,11055,2025-08-10,25
H0000,6251,2025-08-13,0
H0000,1167,2025-08-13,5
H0000,1531,2025-08-13,25
H0000,1554,2025-08-14,27
H0000,1684,2025-08-14,7
H0000,15120,2025-08-15,7
H0000,8095,2025-08-18,25
H0000,17267,2025-08-18,0
H0000,1159,2025-08-20,11
H0000,1386,2025-08-21,14
H0000,1557,2025-08-27,13
H0000,1687,2025-08-28,5
H0000,1671,2025-09-01,5
H0000,1892,2025-09-01,5
H0000,1148,2025-09-05,-1
H0000,2173,2025-09-05,-1
H0000,6810,2025-09-11,22
H0000,455,2025-09-12,1
H0000,1237,2025-09-13,13
H0000,1169,2025-09-14,13
H0000,2094,2025-09-14,13
H0000,1177,2025-09-15,13
H0000,2199,2025-09-15,13
H0000,93,2025-09-16,13
H0000,3942,2025-09-16,24
H0000,1064,2025-09-16,13
H0000,1231,2025-09-16,13
H0000,4555,2025-09-16,24
H0000,4560,2025-09-16,24
H0000,4562,2025-09-16,24
H0000,1652,2025-09-17,7
H0000,7197,2025-09-17,7
H0000,19044,2025-09-17,7
H0000,2078,2025-09-17,11
H0000,4225,2025-09-17,24
H0000,84,2025-09-20,25
H0000,4018,2025-09-20,24
H0000,306,2025-09-21,25
H0000,19043,2025-09-22,7
H0000,1669,2025-09-22,13
H0000,1860,2025-09-22,5
H0000,4552,2025-09-22,24
H0000,1661,2025-09-23,-1
H0000,1078,2025-09-24,11
H0000,1162,2025-09-29,13
H0000,1656,2025-09-29,14
H0000,34,2025-09-30,13
H0000,78,2025-09-30,14
H0000,135,2025-09-30,14
H0000,188,2025-09-30,14
H0000,189,2025-09-30,14
H0000,223,2025-09-30,14
H0000,8532,2025-09-30,18
H0000,1465,2025-09-30,14
H0000,1775,2025-09-30,14
H0000,1777,2025-09-30,14
H0000,67,2025-10-01,14
H0000,185,2025-10-01,14
H0000,1784,2025-10-01,14
H0000,1157,2025-10-02,13
H0000,294,2025-10-03,1
H0000,2082,2025-10-04,13
H0000,708,2025-10-07,1
H0000,5050,2025-10-07,1
H0000,293,2025-10-08,1
H0000,2901,2025-10-08,1
H0000,4559,2025-10-08,24
H0000,7372,2025-10-08,0
H0000,10516,2025-10-09,16
H0000,16985,2025-10-09,-1
H0000,1774,2025-10-09,14
H0000,1815,2025-10-10,11
H0000,3947,2025-10-10,24
H0000,2222,2025-10-11,15
H0000,4724,2025-10-11,26
H0000,8538,2025-10-12,18
H0000,16987,2025-10-13,13
H0000,7605,2025-10-13,-1
H0000,7631,2025-10-14,-1
H0000,1461,2025-10-16,14
H0000,1773,2025-10-17,14
H0000,2102,2025-10-17,13
H0000,4323,2025-10-17,6
H0000,5024,2025-10-17,26
H0000,1469,2025-10-20,13
H0000,1462,2025-10-22,13
H0000,1268,2025-10-23,14
H0000,3572,2025-10-24,24
H0000,1690,2025-10-26,5
H0000,1385,2025-10-27,25
H0000,1528,2025-10-27,11
H0000,1904,2025-10-27,5
H0000,17371,2025-11-03,6
H0000,2068,2025-11-04,13
H0000,5454,2025-11-04,2
H0000,1158,2025-11-05,13
H0000,7573,2025-11-05,-1
H0000,7616,2025-11-05,-1
H0000,7563,2025-11-06,-1
H0000,15153,2025-11-09,7
H0000,1641,2025-11-10,5
H0000,1844,2025-11-10,5
H0000,1855,2025-11-10,5
H0000,1862,2025-11-10,5
H0000,1886,2025-11-10,5
H0000,1888,2025-11-10,5
H0000,1885,2025-11-11,5
H0000,7617,2025-11-13,-1
H0000,1859,2025-11-14,5
H0000,7634,2025-11-14,-1
H0000,7637,2025-11-14,-1
H0000,1681,2025-11-17,5
H0000,7636,2025-11-17,-1
H0000,2086,2025-11-19,25
H0000,904,2025-11-20,25
H0000,1065,2025-11-20,25
H0000,4568,2025-11-20,24
H0000,5470,2025-11-21,2
H0000,1872,2025-11-22,5
H0000,5433,2025-11-22,2
H0000,5461,2025-11-22,2
H0000,5478,2025-11-23,2
H0000,1161,2025-11-25,13
H0000,5448,2025-11-25,2
H0000,16995,2025-11-26,15
H0000,1152,2025-11-26,13
H0000,1530,2025-11-28,25
H0000,3812,2025-11-28,6
H0000,2197,2025-12-01,25
H0000,1151,2025-12-02,11
H0000,5481,2025-12-02,2
H0000,15344,2025-12-03,15
H0000,16324,2025-12-03,26
H0000,19052,2025-12-03,7
H0000,19126,2025-12-03,7
H0000,1871,2025-12-03,5
H0000,2790,2025-12-06,8
H0000,1974,2025-12-09,16
H0000,1976,2025-12-09,16
H0000,5021,2025-12-09,26
H0000,1468,2025-12-10,16
H0000,1903,2025-12-10,5
H0000,2137,2025-12-10,11
H0000,3565,2025-12-10,26
H0000,5485,2025-12-10,26
H0000,2145,2025-12-11,11
H0000,5472,2025-12-11,26
H0000,5475,2025-12-11,26
H0000,5180,2025-12-12,26
H0000,5486,2025-12-12,26
H0000,1232,2025-12-16,13
H0000,1890,2025-12-16,5
H0000,1149,2025-12-17,13
H0000,1233,2025-12-17,13
H0000,5445,2025-12-18,26
H0000,1470,2025-12-19,5
H0000,1653,2025-12-19,5
H0000,1704,2025-12-19,5
H0000,1843,2025-12-19,5
H0000,1846,2025-12-19,5
H0000,1848,2025-12-19,5
H0000,1851,2025-12-19,5
H0000,1881,2025-12-19,5
H0000,1887,2025-12-19,5
H0000,1889,2025-12-19,5
H0000,1900,2025-12-19,5
H0000,1901,2025-12-19,5
H0000,1905,2025-12-19,5
H0000,4411,2025-12-19,2
H0000,4781,2025-12-19,2
H0000,1166,2025-12-20,13
H0000,1874,2025-12-20,5
H0000,1868,2025-12-23,5
H0000,1902,2025-12-23,5
H0000,1870,2025-12-25,5
H0000,1654,2025-12-27,5
H0000,1660,2025-12-27,5
H0000,1698,2025-12-27,5
H0000,1657,2025-12-29,5
H0000,1667,2025-12-29,5
H0000,1708,2025-12-29,5
H0000,1883,2025-12-29,5
H0000,1884,2025-12-29,5
H0000,1650,2025-12-30,5
H0000,1673,2025-12-30,5
H0000,1867,2025-12-30,5
H0000,1080,2026-01-06,25
H0000,1529,2026-01-06,24
H0000,1840,2026-01-13,5
H0000,5460,2026-01-14,2
H0000,1072,2026-01-16,25
H0000,5018,2026-01-23,26
H0000,5019,2026-01-23,26
H0000,5434,2026-01-23,26
H0000,5444,2026-01-23,26
H0000,5452,2026-01-23,26
H0000,5466,2026-01-24,26
H0000,5519,2026-01-24,26
H0000,5455,2026-01-26,26
H0000,1861,2026-01-27,5
H0000,4553,2026-01-27,24
H0000,1852,2026-01-28,5
H0000,1053,2026-01-30,-1
H0000,1153,2026-01-30,-1
H0000,1839,2026-01-30,5
H0000,1909,2026-01-30,-1
H0000,1910,2026-01-30,-1
H0000,1911,2026-01-30,13
H0000,1912,2026-01-30,13
H0000,1913,2026-01-30,13
H0000,1915,2026-01-30,-1
H0000,1980,2026-01-30,-1
H0000,1988,2026-01-30,-1
H0000,1990,2026-01-30,13
H0000,1998,2026-01-30,-1
H0000,5427,2026-02-02,2
H0000,1229,2026-02-03,13
H0000,5079,2026-02-05,2
H0000,1877,2026-02-07,13
H0000,5436,2026-02-08,2
H0000,1831,2026-02-10,14
H0000,1147,2026-02-11,25
H0000,2057,2026-02-11,0
H0000,1460,2026-02-12,22
H0000,2030,2026-02-12,-1
H0000,2039,2026-02-12,-1
H0000,2040,2026-02-12,-1
H0000,2041,2026-02-12,-1
H0000,2042,2026-02-12,-1
H0000,2044,2026-02-12,-1
H0000,2045,2026-02-12,-1
H0000,2046,2026-02-12,25
H0000,2047,2026-02-12,-1
H0000,2050,2026-02-12,-1
H0000,2053,2026-02-12,-1
H0000,2054,2026-02-12,-1
H0000,2056,2026-02-12,-1
H0000,2060,2026-02-12,-1
H0000,2061,2026-02-12,-1
H0000,2063,2026-02-12,-1
H0000,2066,2026-02-12,-1
H0000,2067,2026-02-12,-1
H0000,4405,2026-02-12,2
H0000,1048,2026-02-13,25
H0000,2031,2026-02-13,-1
H0000,2032,2026-02-13,11
H0000,2033,2026-02-13,11
H0000,2037,2026-02-13,-1
H0001,3349,2016-06-28,12
H0001,3507,2017-04-05,4
H0001,3386,2017-06-19,23
H0001,9013,2017-10-12,1
H0001,9012,2018-01-04,12
H0001,3369,2018-01-22,9
H0001,2499,2018-04-02,1
H0001,2884,2018-04-02,1
H0001,17631,2018-05-17,1
H0001,19478,2018-06-08,1
H0001,2875,2018-06-08,1
H0001,10052,2018-08-22,4
H0001,10002,2018-08-23,4
H0001,631,2018-08-24,12
H0001,13805,2018-08-24,3
H0001,876,2018-08-24,4
H0001,3375,2018-08-27,9
H0001,3141,2018-08-28,4
H0001,10051,2018-08-29,4
H0001,18447,2018-08-29,12
H0001,3189,2018-09-01,4
H0001,9006,2018-09-03,4
H0001,10154,2018-09-03,4
H0001,19230,2018-09-04,4
H0001,11936,2018-09-05,3
H0001,3006,2018-09-05,9
H0001,617,2018-09-06,27
H0001,1542,2018-09-06,13
H0001,3362,2018-09-06,9
H0001,816,2018-09-07,9
H0001,3379,2018-09-07,9
H0001,18432,2018-09-08,4
H0001,3001,2018-09-08,9
H0001,3133,2018-09-09,4
H0001,3356,2018-09-10,9
H0001,3164,2018-09-13,-1
H0001,19517,2018-09-14,9
H0001,10053,2018-09-16,15
H0001,3084,2018-09-21,4
H0001,10029,2018-09-24,12
H0001,3183,2018-09-25,3
H0001,3393,2018-09-27,9
H0001,630,2018-10-01,12
H0001,11800,2018-10-04,23
H0001,3010,2018-10-05,9
H0001,3374,2018-10-08,9
H0001,3174,2018-10-12,4
H0001,9008,2018-11-08,0
H0001,3138,2018-11-16,4
H0001,19249,2018-12-18,12
H0001,10005,2019-01-07,4
H0001,18440,2019-02-07,4
H0001,13801,2019-02-08,9
H0001,3456,2019-02-21,4
H0001,17439,2019-05-13,4
H0001,520,2019-05-28,4
H0001,3104,2019-05-28,4
H0001,3462,2019-05-28,4
H0001,3091,2019-05-29,4
H0001,5191,2019-06-04,1
H0001,16508,2019-06-05,0
H0001,5157,2019-06-06,2
H0001,16529,2019-06-07,0
H0001,2992,2019-06-26,4
H0001,9021,2019-07-12,9
H0001,869,2019-07-15,1
H0001,2556,2019-07-23,1
H0001,18431,2019-07-26,4
H0001,3440,2019-07-29,9
H0001,426,2019-07-30,1
H0001,8644,2019-07-30,22
H0001,10161,2019-07-30,12
H0001,3028,2019-07-30,1
H0001,3002,2019-08-02,4
H0001,482,2019-08-10,4
H0001,3079,2019-08-20,3
H0001,3096,2019-08-21,9
H0001,2889,2019-08-29,1
H0001,2255,2019-08-30,1
H0001,2891,2019-08-30,1
H0001,9026,2019-09-07,9
H0001,3287,2019-09-09,1
H0001,2997,2019-09-10,4
H0001,3473,2019-09-16,4
H0001,914,2019-09-25,4
H0001,3472,2019-09-27,9
H0001,2522,2019-10-04,1
H0001,867,2019-10-09,4
H0001,6732,2019-10-14,3
H0001,6720,2019-10-16,3
H0001,480,2019-10-17,1
H0001,7227,2019-10-22,3
H0001,23540,2019-10-29,1
H0001,3176,2019-11-13,4
H0001,19883,2019-12-06,12
H0001,2894,2019-12-09,1
H0001,2900,2019-12-11,1
H0001,2507,2019-12-30,1
H0001,2824,2019-12-31,1
H0001,2254,2020-01-13,1
H0001,6750,2020-02-18,3
H0001,2999,2020-02-20,9
H0001,3108,2020-02-20,4
H0001,571,2020-03-04,1
H0001,2483,2020-03-04,1
H0001,2995,2020-03-05,1
H0001,9005,2020-04-30,0
H0001,3185,2020-05-27,4
H0001,910,2020-06-02,4
H0001,731,2020-07-30,1
H0001,5146,2020-08-04,1
H0001,3187,2020-08-20,4
H0001,3083,2020-08-24,4
H0001,3364,2020-08-29,23
H0001,3365,2020-08-31,23
H0001,3136,2020-09-09,4
H0001,7255,2020-10-14,-1
H0001,418,2020-10-29,1
H0001,2937,2020-11-10,9
H0001,2516,2020-11-28,1
H0001,5196,2020-12-29,1
H0001,2244,2020-12-29,1
H0001,2257,2020-12-29,1
H0001,2264,2020-12-29,1
H0001,2505,2020-12-29,1
H0001,5156,2020-12-30,1
H0001,3302,2021-04-20,4
H0001,5528,2021-04-28,1
H0001,5529,2021-04-28,1
H0001,573,2021-04-29,1
H0001,2904,2021-04-29,1
H0001,3025,2021-06-01,4
H0001,427,2021-06-04,9
H0001,2941,2021-06-05,4
H0001,3469,2021-06-08,9
H0001,13798,2021-06-10,3
H0001,3109,2021-06-14,4
H0001,3027,2021-06-16,23
H0001,3444,2021-06-17,9
H0001,5143,2021-06-22,1
H0001,3359,2021-07-06,9
H0001,5139,2021-07-07,1
H0001,5183,2021-07-07,2
H0001,2498,2021-07-29,1
H0001,422,2021-08-06,1
H0001,3110,2021-08-12,9
H0001,428,2021-08-14,1
H0001,5592,2021-08-19,2
H0001,5757,2021-08-20,2
H0001,3062,2021-08-24,4
H0001,3007,2021-08-31,4
H0001,8108,2021-09-01,9
H0001,3377,2021-09-01,9
H0001,3380,2021-09-03,9
H0001,17630,2021-09-24,1
H0001,633,2021-10-08,0
H0001,9023,2021-11-11,9
H0001,3304,2021-11-12,1
H0001,2964,2021-11-25,4
H0001,864,2021-12-02,1
H0001,2958,2021-12-02,1
H0001,3098,2021-12-04,1
H0001,3447,2021-12-07,9
H0001,862,2021-12-10,9
H0001,3470,2021-12-11,9
H0001,10091,2021-12-22,12
H0001,3004,2021-12-22,9
H0001,18459,2021-12-23,9
H0001,3451,2021-12-23,9
H0001,9022,2021-12-24,0
H0001,10112,2021-12-27,9
H0001,12148,2021-12-27,10
H0001,3595,2021-12-29,0
H0001,662,2022-01-11,9
H0001,658,2022-01-14,4
H0001,5739,2022-01-19,4
H0001,921,2022-02-16,4
H0001,2250,2022-02-23,1
H0001,3166,2022-03-07,4
H0001,7400,2022-03-17,4
H0001,9010,2022-03-23,-1
H0001,7561,2022-04-06,3
H0001,2947,2022-04-08,9
H0001,563,2022-04-12,9
H0001,3347,2022-04-21,9
H0001,5755,2022-04-28,2
H0001,5754,2022-04-29,2
H0001,2988,2022-05-12,4
H0001,20679,2022-05-16,4
H0001,2982,2022-05-18,9
H0001,3134,2022-05-26,4
H0001,2940,2022-06-02,1
H0001,18426,2022-06-08,4
H0001,18435,2022-06-08,4
H0001,2302,2022-06-08,3
H0001,3080,2022-06-08,4
H0001,6830,2022-06-08,3
H0001,6841,2022-06-08,3
H0001,6832,2022-06-09,3
H0001,10006,2022-06-10,4
H0001,3072,2022-06-10,4
H0001,3154,2022-06-11,4
H0001,3078,2022-06-12,9
H0001,2969,2022-06-13,3
H0001,3075,2022-06-13,4
H0001,3092,2022-06-13,4
H0001,3153,2022-06-13,4
H0001,3214,2022-06-13,3
H0001,2938,2022-06-15,4
H0001,3081,2022-06-15,3
H0001,18418,2022-06-17,9
H0001,22328,2022-06-17,3
H0001,22337,2022-06-17,3
H0001,3207,2022-06-17,3
H0001,3250,2022-06-17,3
H0001,3266,2022-06-17,3
H0001,3275,2022-06-17,3
H0001,6716,2022-06-17,3
H0001,6736,2022-06-17,3
H0001,6737,2022-06-17,3
H0001,6740,2022-06-17,3
H0001,6742,2022-06-17,3
H0001,19502,2022-06-18,3
H0001,22315,2022-06-18,3
H0001,22334,2022-06-18,3
H0001,22356,2022-06-18,3
H0001,2953,2022-06-18,3
H0001,3232,2022-06-18,3
H0001,3245,2022-06-18,3
H0001,3255,2022-06-18,3
H0001,3279,2022-06-18,3
H0001,10049,2022-06-19,4
H0001,22321,2022-06-19,3
H0001,22348,2022-06-19,3
H0001,22360,2022-06-19,3
H0001,3274,2022-06-19,3
H0001,6714,2022-06-19,3
H0001,10169,2022-06-20,0
H0001,22309,2022-06-20,3
H0001,22311,2022-06-20,3
H0001,22318,2022-06-20,3
H0001,22343,2022-06-20,3
H0001,22344,2022-06-20,3
H0001,3197,2022-06-20,3
H0001,3248,2022-06-20,3
H0001,3271,2022-06-20,3
H0001,3281,2022-06-20,3
H0001,6727,2022-06-20,3
H0001,7224,2022-06-20,3
H0001,639,2022-06-21,3
H0001,22320,2022-06-21,3
H0001,2966,2022-06-21,3
H0001,3256,2022-06-21,3
H0001,6743,2022-06-21,3
H0001,616,2022-06-22,3
H0001,10008,2022-06-22,12
H0001,22319,2022-06-22,3
H0001,3233,2022-06-22,3
H0001,3257,2022-06-22,3
H0001,6722,2022-06-22,3
H0001,18429,2022-06-23,3
H0001,22339,2022-06-23,3
H0001,3209,2022-06-23,3
H0001,3254,2022-06-23,3
H0001,6739,2022-06-23,3
H0001,607,2022-06-24,3
H0001,3235,2022-06-24,3
H0001,3219,2022-06-25,3
H0001,6719,2022-06-25,3
H0001,22353,2022-06-26,3
H0001,22359,2022-06-26,3
H0001,3276,2022-06-26,3
H0001,3224,2022-06-27,3
H0001,3227,2022-06-27,3
H0001,2957,2022-06-28,3
H0001,3102,2022-06-28,3
H0001,22341,2022-06-29,3
H0001,565,2022-06-30,1
H0001,22346,2022-06-30,3
H0001,3277,2022-06-30,3
H0001,3474,2022-06-30,1
H0001,6721,2022-06-30,3
H0001,3249,2022-07-02,3
H0001,2909,2022-07-03,1
H0001,3230,2022-07-03,3
H0001,3223,2022-07-05,3
H0001,3272,2022-07-05,3
H0001,6715,2022-07-12,3
H0001,3074,2022-07-13,4
H0001,3175,2022-07-13,4
H0001,2933,2022-07-14,3
H0001,3251,2022-07-15,9
H0001,6723,2022-07-16,3
H0001,22266,2022-08-01,3
H0001,7232,2022-08-04,3
H0001,3259,2022-08-09,3
H0001,7234,2022-08-09,3
H0001,3282,2022-08-10,3
H0001,3280,2022-08-19,3
H0001,3370,2022-09-05,12
H0001,687,2022-09-06,12
H0001,2979,2022-09-20,4
H0001,2732,2022-09-29,1
H0001,11990,2022-10-06,12
H0001,3366,2022-10-06,9
H0001,2251,2022-10-12,1
H0001,2489,2022-10-18,1
H0001,3242,2022-10-18,3
H0001,3286,2022-10-18,1
H0001,603,2022-10-19,3
H0001,2493,2022-10-24,1
H0001,11968,2022-10-27,12
H0001,11978,2022-11-09,12
H0001,11994,2022-11-18,12
H0001,12014,2022-11-28,12
H0001,7233,2022-11-30,3
H0001,3167,2022-12-01,4
H0001,3243,2022-12-01,3
H0001,6725,2022-12-12,3
H0001,3215,2022-12-14,3
H0001,11988,2022-12-19,12
H0001,12025,2022-12-19,12
H0001,592,2022-12-29,3
H0001,6738,2023-01-11,3
H0001,11969,2023-01-16,12
H0001,3263,2023-01-23,3
H0001,3077,2023-01-27,4
H0001,487,2023-01-28,4
H0001,2971,2023-01-30,4
H0001,3445,2023-01-30,4
H0001,3234,2023-03-06,3
H0001,3283,2023-03-07,3
H0001,3273,2023-03-08,3
H0001,11963,2023-03-13,4
H0001,11967,2023-03-14,12
H0001,19263,2023-03-15,12
H0001,3216,2023-03-15,3
H0001,11977,2023-03-16,12
H0001,3159,2023-03-20,4
H0001,11980,2023-03-21,12
H0001,3106,2023-03-23,4
H0001,10014,2023-03-30,23
H0001,2963,2023-04-03,4
H0001,3089,2023-04-05,4
H0001,744,2023-04-10,1
H0001,3195,2023-04-13,3
H0001,3225,2023-04-20,3
H0001,3236,2023-04-20,3
H0001,7237,2023-04-20,3
H0001,11910,2023-04-25,12
H0001,3181,2023-04-25,12
H0001,3163,2023-04-28,4
H0001,3094,2023-04-30,4
H0001,3260,2023-05-18,3
H0001,3247,2023-05-21,3
H0001,527,2023-05-24,4
H0001,3090,2023-05-24,4
H0001,2249,2023-05-25,1
H0001,3129,2023-05-25,4
H0001,3139,2023-05-25,4
H0001,3288,2023-05-25,1
H0001,3290,2023-05-25,1
H0001,3455,2023-05-25,4
H0001,3065,2023-05-26,4
H0001,3127,2023-05-26,4
H0001,3135,2023-05-26,4
H0001,3156,2023-05-26,4
H0001,3158,2023-05-27,4
H0001,3190,2023-05-27,4
H0001,3437,2023-05-27,4
H0001,3103,2023-05-29,4
H0001,3068,2023-05-30,4
H0001,3085,2023-05-30,4
H0001,3244,2023-05-30,3
H0001,597,2023-05-31,3
H0001,2989,2023-05-31,4
H0001,3199,2023-05-31,3
H0001,3203,2023-05-31,3
H0001,3206,2023-05-31,3
H0001,3210,2023-05-31,3
H0001,3221,2023-05-31,3
H0001,3253,2023-05-31,3
H0001,3265,2023-05-31,3
H0001,3278,2023-05-31,3
H0001,6724,2023-05-31,3
H0001,6746,2023-05-31,3
H0001,7231,2023-05-31,3
H0001,7235,2023-05-31,3
H0001,19884,2023-06-01,12
H0001,2932,2023-06-01,3
H0001,2993,2023-06-01,9
H0001,3222,2023-06-01,3
H0001,3284,2023-06-01,3
H0001,2951,2023-06-02,4
H0001,2976,2023-06-02,3
H0001,3449,2023-06-02,9
H0001,3246,2023-06-03,3
H0001,3252,2023-06-06,3
H0001,3188,2023-06-07,4
H0001,3087,2023-06-08,9
H0001,3097,2023-06-08,4
H0001,2906,2023-06-10,1
H0001,3434,2023-06-13,9
H0001,18422,2023-06-14,4
H0001,3178,2023-06-16,4
H0001,3082,2023-06-19,4
H0001,3182,2023-06-19,4
H0001,588,2023-06-22,3
H0001,3130,2023-06-27,4
H0001,6934,2023-06-28,22
H0001,11925,2023-06-29,12
H0001,3076,2023-06-29,12
H0001,3464,2023-06-29,3
H0001,19224,2023-06-30,12
H0001,3226,2023-07-02,3
H0001,3368,2023-07-03,1
H0001,3100,2023-07-05,4
H0001,2946,2023-07-10,4
H0001,2821,2023-07-11,1
H0001,7229,2023-07-17,3
H0001,2948,2023-07-24,9
H0001,570,2023-08-02,1
H0001,908,2023-08-09,1
H0001,3111,2023-08-21,4
H0001,2246,2023-08-26,1
H0001,2259,2023-08-26,4
H0001,10157,2023-08-27,12
H0001,2256,2023-08-28,26
H0001,2903,2023-08-31,1
H0001,19234,2023-09-04,4
H0001,470,2023-09-08,12
H0001,3433,2023-09-12,4
H0001,5512,2023-09-22,2
H0001,6735,2023-09-25,3
H0001,3218,2023-09-29,3
H0001,3241,2023-10-03,3
H0001,3268,2023-10-03,3
H0001,11941,2023-10-12,3
H0001,3229,2023-11-04,3
H0001,3160,2023-11-21,4
H0001,11895,2023-11-27,12
H0001,19227,2023-11-28,12
H0001,3372,2023-11-28,9
H0001,2486,2023-11-29,1
H0001,2487,2023-11-29,1
H0001,2820,2023-11-29,1
H0001,11999,2023-11-30,27
H0001,2491,2023-11-30,1
H0001,3494,2023-11-30,4
H0001,699,2023-12-07,1
H0001,703,2023-12-07,1
H0001,3060,2023-12-18,4
H0001,3350,2024-02-07,23
H0001,873,2024-02-13,1
H0001,887,2024-02-13,1
H0001,22474,2024-02-14,1
H0001,3371,2024-02-15,1
H0001,2492,2024-02-20,1
H0001,5340,2024-02-22,2
H0001,5663,2024-02-22,2
H0001,5748,2024-02-23,2
H0001,5331,2024-02-28,2
H0001,5747,2024-02-28,2
H0001,5488,2024-03-01,2
H0001,5749,2024-03-06,2
H0001,2574,2024-03-10,1
H0001,3289,2024-03-10,1
H0001,3355,2024-03-13,23
H0001,2248,2024-03-19,1
H0001,2252,2024-03-20,1
H0001,2253,2024-03-21,1
H0001,2293,2024-03-21,1
H0001,3297,2024-03-23,1
H0001,3291,2024-03-25,1
H0001,3298,2024-03-26,1
H0001,19475,2024-03-27,1
H0001,2868,2024-03-27,1
H0001,2497,2024-03-28,1
H0001,5280,2024-04-02,2
H0001,22281,2024-04-02,3
H0001,22272,2024-04-03,3
H0001,22260,2024-04-04,3
H0001,9240,2024-04-06,9
H0001,16533,2024-04-15,1
H0001,2502,2024-04-15,1
H0001,2961,2024-04-19,9
H0001,2490,2024-04-20,1
H0001,560,2024-04-22,1
H0001,3467,2024-04-22,3
H0001,3211,2024-05-09,3
H0001,3212,2024-05-09,3
H0001,2867,2024-05-10,1
H0001,3107,2024-05-10,12
H0001,3381,2024-05-10,9
H0001,2308,2024-05-11,4
H0001,6749,2024-05-14,3
H0001,2865,2024-05-18,1
H0001,5145,2024-05-24,1
H0001,3088,2024-05-29,4
H0001,3240,2024-05-31,3
H0001,857,2024-06-05,27
H0001,11899,2024-06-18,12
H0001,11900,2024-06-18,12
H0001,12036,2024-07-03,6
H0001,11907,2024-07-05,12
H0001,11913,2024-07-05,12
H0001,11931,2024-07-05,12
H0001,3067,2024-07-05,12
H0001,19232,2024-07-08,0
H0001,5495,2024-07-19,2
H0001,11894,2024-07-24,12
H0001,11908,2024-07-24,12
H0001,2550,2024-07-24,1
H0001,2496,2024-07-25,1
H0001,3168,2024-07-25,4
H0001,3231,2024-07-25,3
H0001,3239,2024-07-25,3
H0001,3262,2024-07-25,3
H0001,3361,2024-07-25,9
H0001,3439,2024-07-25,4
H0001,3457,2024-07-25,4
H0001,3460,2024-07-27,9
H0001,3468,2024-07-27,4
H0001,3465,2024-07-28,3
H0001,2500,2024-07-29,1
H0001,2504,2024-08-01,1
H0001,3435,2024-08-01,3
H0001,3458,2024-08-01,4
H0001,2424,2024-08-02,12
H0001,3443,2024-08-02,4
H0001,2986,2024-08-06,4
H0001,3169,2024-08-06,4
H0001,3508,2024-08-07,4
H0001,2571,2024-08-08,1
H0001,3070,2024-08-21,4
H0001,3071,2024-08-23,4
H0001,3093,2024-08-25,24
H0001,2886,2024-08-30,1
H0001,7236,2024-09-02,3
H0001,3459,2024-09-09,9
H0001,3944,2024-09-13,-1
H0001,6896,2024-09-25,22
H0001,3131,2024-09-25,4
H0001,3452,2024-09-25,9
H0001,6924,2024-09-27,27
H0001,2998,2024-10-08,4
H0001,3237,2024-10-10,3
H0001,14037,2024-10-15,27
H0001,657,2024-10-21,18
H0001,2512,2024-10-21,22
H0001,2627,2024-11-01,8
H0001,510,2024-11-02,4
H0001,2591,2024-11-02,8
H0001,2593,2024-11-02,8
H0001,15492,2024-11-06,6
H0001,5263,2024-11-20,26
H0001,2621,2024-11-22,1
H0001,2232,2024-11-25,11
H0001,883,2024-11-26,2
H0001,469,2024-11-27,2
H0001,2426,2024-11-28,4
H0001,5142,2024-12-02,1
H0001,2420,2024-12-02,1
H0001,716,2024-12-03,1
H0001,2295,2024-12-06,1
H0001,5657,2024-12-07,5
H0001,2292,2024-12-10,4
H0001,2294,2024-12-12,4
H0001,5666,2024-12-12,9
H0001,5673,2024-12-12,9
H0001,2305,2024-12-13,4
H0001,3056,2024-12-13,4
H0001,9943,2024-12-15,12
H0001,3140,2024-12-15,4
H0001,11949,2024-12-23,12
H0001,19244,2024-12-23,0
H0001,2944,2025-01-17,4
H0001,2869,2025-01-21,23
H0001,20171,2025-01-26,12
H0001,3258,2025-01-30,3
H0001,7238,2025-02-03,3
H0001,858,2025-02-12,1
H0001,866,2025-02-15,1
H0001,3213,2025-02-15,3
H0001,861,2025-02-20,1
H0001,11890,2025-02-21,12
H0001,3061,2025-02-21,12
H0001,11868,2025-02-23,12
H0001,11951,2025-03-08,18
H0001,2607,2025-03-14,8
H0001,3351,2025-03-24,9
H0001,3201,2025-03-25,22
H0001,2954,2025-04-01,3
H0001,7747,2025-04-10,-1
H0001,7223,2025-04-21,3
H0001,2928,2025-04-22,9
H0001,3196,2025-04-22,3
H0001,18391,2025-04-24,4
H0001,2816,2025-04-24,1
H0001,2862,2025-04-24,1
H0001,7008,2025-04-25,27
H0001,3059,2025-04-29,4
H0001,3432,2025-05-04,9
H0001,6861,2025-05-14,22
H0001,3422,2025-05-16,9
H0001,5071,2025-06-05,1
H0001,3426,2025-06-25,9
H0001,849,2025-06-30,1
H0001,2858,2025-07-01,1
H0001,2927,2025-08-04,9
H0001,7100,2025-08-18,8
H0001,7101,2025-08-18,1
H0001,3430,2025-08-26,9
H0001,3193,2025-09-24,3
H0001,3038,2025-09-29,4
H0001,3053,2025-09-29,4
H0001,2910,2025-09-30,4
H0001,3032,2025-09-30,4
H0001,3157,2025-09-30,9
H0001,3115,2025-10-01,4
H0001,3116,2025-10-01,4
H0001,3041,2025-10-02,4
H0001,9002,2025-10-06,4
H0001,9029,2025-10-06,0
H0001,10044,2025-10-06,4
H0001,2902,2025-10-06,1
H0001,2926,2025-10-06,4
H0001,3112,2025-10-06,4
H0001,3119,2025-10-06,4
H0001,3123,2025-10-06,4
H0001,3482,2025-10-06,4
H0001,2914,2025-10-07,4
H0001,2916,2025-10-07,4
H0001,2923,2025-10-07,4
H0001,2930,2025-10-07,4
H0001,3114,2025-10-07,4
H0001,3124,2025-10-07,4
H0001,3295,2025-10-07,1
H0001,2912,2025-10-08,4
H0001,3427,2025-10-08,9
H0001,8721,2025-10-09,4
H0001,2913,2025-10-09,4
H0001,3034,2025-10-09,4
H0001,3042,2025-10-09,4
H0001,3046,2025-10-09,4
H0001,3049,2025-10-09,4
H0001,3052,2025-10-09,4
H0001,3144,2025-10-09,4
H0001,3150,2025-10-09,4
H0001,641,2025-10-10,9
H0001,5198,2025-10-10,1
H0001,2921,2025-10-10,4
H0001,3151,2025-10-10,4
H0001,5480,2025-10-10,2
H0001,11909,2025-10-12,12
H0001,11970,2025-10-12,12
H0001,11976,2025-10-12,4
H0001,12140,2025-10-12,13
H0001,3051,2025-10-12,9
H0001,2925,2025-10-13,4
H0001,3037,2025-10-13,4
H0001,3117,2025-10-13,9
H0001,3120,2025-10-13,9
H0001,3122,2025-10-14,9
H0001,3113,2025-10-17,4
H0001,3200,2025-10-17,22
H0001,3285,2025-10-20,1
H0001,3039,2025-10-21,4
H0001,18449,2025-10-22,9
H0001,2918,2025-10-22,4
H0001,3040,2025-10-22,4
H0001,3044,2025-10-22,4
H0001,2924,2025-10-23,4
H0001,3118,2025-10-23,4
H0001,3191,2025-10-24,3
H0001,3192,2025-10-28,3
H0001,18410,2025-11-03,3
H0001,8112,2025-11-07,16
H0001,18386,2025-11-19,4
H0001,3035,2025-11-19,4
H0001,5447,2025-12-02,2
H0001,19225,2025-12-03,12
H0001,19248,2025-12-03,4
H0001,3344,2025-12-03,2
H0001,5629,2025-12-03,2
H0001,2863,2025-12-05,1
H0001,3348,2025-12-12,2
H0001,5265,2025-12-12,2
H0001,5462,2025-12-12,2
H0001,5471,2025-12-12,2
H0001,5640,2025-12-12,2
H0001,5650,2025-12-12,2
H0001,5744,2025-12-12,2
H0001,3424,2025-12-13,4
H0001,3406,2025-12-15,2
H0001,5631,2025-12-15,2
H0001,3194,2025-12-17,3
H0001,2551,2025-12-18,1
H0001,564,2025-12-30,1
H0001,2860,2025-12-30,1
H0001,3425,2026-01-03,7
H0001,3346,2026-01-08,9
H0001,2818,2026-02-03,1
H0001,2819,2026-02-03,9
H0001,3343,2026-02-03,1
H0001,2815,2026-02-04,1
H0001,2817,2026-02-06,1
H0001,3030,2026-02-08,4
H0001,2572,2026-02-13,1
H0002,5859,2022-04-27,2
H0002,5860,2022-05-01,2
H0002,5867,2022-06-06,2
H0002,5851,2022-06-23,2
H0002,5705,2022-08-04,6
H0002,5863,2022-08-24,2
H0002,5526,2022-10-06,2
H0002,5730,2022-10-06,6
H0002,5518,2022-10-07,6
H0002,5709,2022-10-07,6
H0002,5721,2022-10-07,2
H0002,5514,2022-10-09,6
H0002,5720,2022-10-09,6
H0002,4083,2022-10-11,7
H0002,5729,2022-10-11,7
H0002,4450,2022-10-13,2
H0002,5674,2022-10-14,2
H0002,5857,2022-10-20,2
H0002,5058,2022-10-24,2
H0002,5727,2022-11-10,7
H0002,5725,2022-12-07,2
H0002,5719,2022-12-19,2
H0002,5134,2023-01-04,2
H0002,877,2023-07-15,2
H0002,5854,2023-07-21,2
H0002,16188,2023-08-08,2
H0002,5336,2023-08-30,2
H0002,5723,2023-09-12,2
H0002,5850,2023-09-27,2
H0002,5718,2023-10-06,2
H0002,5716,2023-10-09,2
H0002,5711,2023-10-11,2
H0002,5704,2023-12-14,6
H0002,5708,2023-12-14,6
H0002,5713,2023-12-14,2
H0002,5712,2023-12-15,6
H0002,5855,2023-12-22,2
H0002,5690,2023-12-31,2
H0002,5325,2024-01-11,2
H0002,5714,2024-02-23,2
H0002,5217,2024-02-26,2
H0002,4280,2024-02-28,2
H0002,5710,2024-04-01,6
H0002,5852,2024-05-22,2
H0002,5864,2024-05-22,2
H0002,5442,2024-06-17,2
H0002,16616,2024-06-17,26
H0002,5408,2024-06-18,2
H0002,5567,2024-07-24,2
H0002,899,2024-07-25,2
H0002,5559,2024-07-25,2
H0002,5659,2024-07-25,2
H0002,5706,2024-07-25,2
H0002,5707,2024-07-25,2
H0002,5054,2024-07-29,2
H0002,5057,2024-07-29,2
H0002,5565,2024-07-29,2
H0002,5664,2024-07-29,2
H0002,4253,2024-07-30,2
H0002,5564,2024-07-31,2
H0002,5590,2024-07-31,2
H0002,16036,2024-08-01,6
H0002,5570,2024-08-02,2
H0002,4344,2024-08-05,2
H0002,8048,2024-08-10,0
H0002,5311,2024-09-16,2
H0002,5572,2024-09-23,2
H0002,5686,2024-09-24,-1
H0002,5517,2024-09-30,2
H0002,5736,2024-10-03,2
H0002,5684,2024-10-04,2
H0002,5895,2024-10-13,2
H0002,4341,2024-10-18,2
H0002,5432,2024-10-23,26
H0002,5333,2024-10-30,2
H0002,5593,2024-11-08,2
H0002,5337,2024-11-29,2
H0002,5672,2024-12-12,2
H0002,906,2025-02-07,2
H0002,5848,2025-02-17,2
H0002,5294,2025-02-19,2
H0002,5644,2025-03-04,2
H0002,5865,2025-03-10,2
H0002,5351,2025-03-31,2
H0002,4328,2025-04-15,2
H0002,4420,2025-04-15,2
H0002,5395,2025-04-16,2
H0002,5273,2025-04-21,2
H0002,5484,2025-04-24,2
H0002,5654,2025-04-24,2
H0002,5288,2025-04-28,2
H0002,391,2025-05-05,2
H0002,5270,2025-05-05,2
H0002,5272,2025-05-05,2
H0002,5289,2025-05-05,2
H0002,5645,2025-05-05,2
H0002,5275,2025-05-06,2
H0002,5421,2025-05-06,2
H0002,5632,2025-05-06,2
H0002,5647,2025-05-06,2
H0002,5887,2025-05-06,2
H0002,5271,2025-05-07,2
H0002,5278,2025-05-08,2
H0002,5417,2025-05-08,2
H0002,5555,2025-05-08,2
H0002,5281,2025-05-09,2
H0002,4310,2025-05-10,2
H0002,20282,2025-05-11,16
H0002,5178,2025-05-22,2
H0002,5415,2025-05-25,2
H0002,5397,2025-05-28,2
H0002,5701,2025-06-05,6
H0002,5698,2025-06-17,6
H0002,5422,2025-06-26,2
H0002,5636,2025-07-02,2
H0002,5020,2025-07-15,2
H0002,4106,2025-07-16,2
H0002,5641,2025-07-17,2
H0002,5279,2025-07-26,6
H0002,5083,2025-08-07,2
H0002,5380,2025-08-11,2
H0002,5548,2025-08-11,2
H0002,5347,2025-08-14,2
H0002,5400,2025-08-16,2
H0002,5350,2025-08-18,2
H0002,5349,2025-08-19,2
H0002,5847,2025-08-19,2
H0002,5416,2025-08-21,2
H0002,4464,2025-08-23,2
H0002,16077,2025-08-23,2
H0002,5091,2025-08-23,2
H0002,5881,2025-08-23,2
H0002,5882,2025-08-23,2
H0002,5366,2025-08-25,2
H0002,5743,2025-08-27,2
H0002,5390,2025-09-02,2
H0002,5403,2025-09-03,2
H0002,5276,2025-09-04,2
H0002,5646,2025-09-05,2
H0002,5648,2025-09-05,2
H0002,5056,2025-09-23,2
H0002,5267,2025-09-23,2
H0002,5277,2025-09-23,2
H0002,5742,2025-09-23,2
H0002,5269,2025-09-24,2
H0002,5274,2025-09-24,2
H0002,5513,2025-09-24,2
H0002,5266,2025-09-25,2
H0002,5375,2025-09-29,2
H0002,1113,2025-10-07,0
H0002,9061,2025-10-12,0
H0002,16113,2025-10-14,2
H0002,5284,2025-10-24,2
H0002,5376,2025-10-29,2
H0002,5385,2025-10-29,2
H0002,5413,2025-10-29,2
H0002,5364,2025-10-30,2
H0002,5387,2025-11-06,2
H0002,5393,2025-11-07,2
H0002,5388,2025-11-25,2
H0002,17235,2025-12-01,6
H0002,5549,2025-12-02,2
H0002,5633,2025-12-02,2
H0002,5678,2025-12-02,2
H0002,18498,2025-12-03,9
H0002,5369,2025-12-03,2
H0002,5511,2025-12-04,2
H0002,5383,2025-12-11,2
H0002,5398,2025-12-11,2
H0002,5409,2025-12-11,2
H0002,5374,2025-12-12,2
H0002,5504,2025-12-12,2
H0002,5367,2025-12-31,2
H0002,5344,2026-01-21,2
H0002,5359,2026-01-22,2
H0002,5370,2026-01-22,2
H0002,5630,2026-01-22,2
H0002,5677,2026-01-22,2
H0002,5694,2026-01-22,6
H0002,5410,2026-01-23,2
H0002,5700,2026-01-23,2
H0002,5679,2026-01-25,2
H0002,5354,2026-01-26,2
H0002,5368,2026-01-30,6
H0002,5691,2026-02-02,6
H0002,5699,2026-02-02,6
H0002,5692,2026-02-03,6
H0002,5702,2026-02-03,6
H0002,5346,2026-02-11,2
H0003,3325,2012-06-05,1
H0003,2442,2012-06-25,1
H0003,2444,2012-06-26,1
H0003,2639,2012-06-26,1
H0003,2757,2012-06-26,12
H0003,3317,2012-08-17,1
H0003,2764,2013-02-15,1
H0003,2366,2013-04-11,7
H0003,945,2013-11-30,12
H0003,19159,2013-12-17,18
H0003,2766,2014-02-18,12
H0003,963,2014-04-22,1
H0003,2436,2014-05-30,12
H0003,2714,2014-08-11,12
H0003,2734,2015-03-17,1
H0003,2712,2015-03-31,12
H0003,929,2015-04-22,1
H0003,19150,2015-07-03,18
H0003,3330,2016-01-05,1
H0003,22370,2016-03-15,1
H0003,2368,2016-05-03,12
H0003,2767,2016-11-22,1
H0003,931,2016-12-12,1
H0003,2760,2016-12-22,12
H0003,2369,2017-02-14,3
H0003,2746,2017-04-04,12
H0003,972,2017-06-20,12
H0003,3323,2017-06-23,1
H0003,3326,2017-06-23,1
H0003,2751,2017-08-01,12
H0003,7552,2017-08-07,14
H0003,19510,2017-10-30,4
H0003,2763,2017-10-30,4
H0003,1056,2018-01-24,25
H0003,3322,2018-02-01,12
H0003,2372,2018-02-02,12
H0003,8165,2018-02-27,12
H0003,943,2018-04-10,4
H0003,19512,2018-04-11,1
H0003,19509,2018-04-13,4
H0003,19511,2018-04-13,4
H0003,19515,2018-04-14,23
H0003,12764,2018-06-14,26
H0003,19503,2018-07-10,1
H0003,2753,2018-08-14,1
H0003,2738,2018-10-19,12
H0003,2759,2018-10-19,12
H0003,2723,2018-10-21,12
H0003,968,2018-11-28,1
H0003,2752,2018-11-28,1
H0003,949,2018-12-13,1
H0003,2720,2018-12-19,12
H0003,22366,2018-12-21,1
H0003,12803,2019-01-01,26
H0003,2307,2019-01-01,12
H0003,913,2019-01-02,9
H0003,2304,2019-01-03,12
H0003,903,2019-01-04,1
H0003,2706,2019-04-01,1
H0003,915,2019-04-26,1
H0003,2623,2019-04-26,1
H0003,2626,2019-04-26,1
H0003,2636,2019-04-29,1
H0003,2741,2019-05-01,1
H0003,2624,2019-05-03,1
H0003,2641,2019-05-07,1
H0003,2755,2019-06-21,1
H0003,960,2019-07-11,12
H0003,19500,2019-09-24,1
H0003,22369,2019-10-14,1
H0003,11706,2019-10-18,15
H0003,19507,2019-10-18,1
H0003,12755,2019-10-25,26
H0003,3321,2019-12-05,1
H0003,3314,2019-12-10,1
H0003,2851,2020-02-19,9
H0003,961,2020-04-02,12
H0003,2501,2020-05-27,1
H0003,2717,2020-05-27,1
H0003,2719,2020-05-27,1
H0003,2745,2020-05-27,1
H0003,2736,2020-05-28,1
H0003,2740,2020-05-28,1
H0003,22437,2020-05-29,1
H0003,2835,2020-05-29,1
H0003,2750,2020-05-30,1
H0003,2494,2020-05-31,1
H0003,2832,2020-06-04,1
H0003,2844,2020-07-06,1
H0003,2847,2020-07-06,1
H0003,5160,2020-08-05,2
H0003,2845,2020-10-23,1
H0003,2756,2020-10-30,1
H0003,19161,2020-12-09,1
H0003,2825,2020-12-18,1
H0003,2263,2020-12-28,1
H0003,2731,2020-12-28,1
H0003,2743,2020-12-28,1
H0003,950,2020-12-29,1
H0003,22364,2020-12-29,1
H0003,2737,2020-12-30,1
H0003,2749,2020-12-30,1
H0003,952,2020-12-31,1
H0003,11715,2020-12-31,23
H0003,2265,2020-12-31,1
H0003,2519,2020-12-31,1
H0003,2700,2020-12-31,1
H0003,2728,2020-12-31,1
H0003,2742,2020-12-31,1
H0003,2758,2021-01-06,1
H0003,2754,2021-01-17,1
H0003,2434,2021-02-19,1
H0003,3318,2021-02-20,12
H0003,2744,2021-03-04,1
H0003,2508,2021-07-07,1
H0003,19494,2021-07-28,1
H0003,2968,2021-08-17,1
H0003,11695,2021-09-13,1
H0003,2996,2022-02-18,9
H0003,2727,2022-03-30,1
H0003,3316,2022-03-31,1
H0003,2713,2022-04-11,1
H0003,951,2022-04-14,1
H0003,925,2022-04-21,1
H0003,2711,2022-04-24,1
H0003,2509,2022-04-28,1
H0003,2735,2022-05-04,1
H0003,962,2022-05-05,1
H0003,2725,2022-05-05,1
H0003,2733,2022-05-10,1
H0003,2838,2022-09-21,1
H0003,2724,2022-09-29,1
H0003,2833,2022-09-29,1
H0003,902,2022-09-30,1
H0003,2484,2022-09-30,1
H0003,2495,2022-09-30,1
H0003,2503,2022-09-30,1
H0003,2704,2022-09-30,1
H0003,2709,2022-09-30,1
H0003,2739,2022-09-30,1
H0003,11687,2022-10-01,1
H0003,955,2022-10-03,1
H0003,2830,2022-10-06,1
H0003,2513,2022-10-07,1
H0003,2726,2022-10-09,1
H0003,2705,2023-09-30,1
H0003,5314,2023-10-21,1
H0003,2730,2024-03-18,1
H0003,2984,2024-04-23,1
H0003,2619,2024-05-09,1
H0003,2710,2024-05-10,1
H0003,2425,2024-07-22,4
H0003,2309,2024-07-26,12
H0003,2721,2024-08-01,1
H0003,2364,2024-08-04,12
H0003,872,2024-08-13,1
H0003,2840,2024-08-14,1
H0003,2715,2024-09-22,1
H0003,2703,2024-10-27,1
H0003,7347,2024-11-21,12
H0003,3315,2024-11-25,1
H0003,2707,2025-01-27,1
H0003,575,2025-02-04,1
H0003,3310,2025-05-26,1
H0003,3308,2025-06-12,1
H0003,2702,2025-10-02,2
H0003,22403,2025-10-06,1
H0003,2692,2025-10-06,1
H0003,2694,2025-10-07,1
H0003,5155,2025-10-11,1
H0003,2693,2025-11-21,1
H0003,2697,2025-11-21,1
H0003,2698,2025-11-21,1
H0003,19933,2025-11-26,18
H0003,2696,2025-12-10,1
H0003,2609,2025-12-16,1
H0003,2701,2026-01-06,1
H0003,2695,2026-01-07,1
H0003,2699,2026-01-07,1
H0004,1204,2012-08-27,0
H0004,8120,2013-02-18,16
H0004,1194,2013-08-04,0
H0004,19021,2013-11-05,0
H0004,6214,2014-07-23,0
H0004,1243,2014-07-30,13
H0004,9069,2014-08-02,0
H0004,6415,2014-08-09,0
H0004,6465,2014-09-03,0
H0004,1217,2014-10-23,-1
H0004,8119,2014-10-24,26
H0004,6438,2015-01-13,0
H0004,6464,2015-01-13,0
H0004,6470,2015-01-13,0
H0004,1196,2015-01-27,0
H0004,6469,2015-05-13,0
H0004,9071,2015-06-28,0
H0004,6445,2015-12-02,0
H0004,6467,2015-12-02,0
H0004,1193,2016-01-22,27
H0004,6471,2016-04-07,27
H0004,1256,2016-04-17,8
H0004,9070,2016-07-28,0
H0004,1222,2016-09-15,25
H0004,1226,2016-10-05,-1
H0004,1227,2016-10-05,27
H0004,6426,2016-10-05,27
H0004,6447,2016-10-05,16
H0004,6462,2016-10-06,16
H0004,1208,2016-10-11,11
H0004,1257,2017-01-07,13
H0004,1215,2017-01-19,8
H0004,11358,2017-01-20,0
H0004,6466,2017-02-01,0
H0004,6456,2017-03-28,0
H0004,6446,2017-04-21,0
H0004,6427,2017-06-15,0
H0004,1255,2017-07-27,0
H0004,17450,2017-08-14,6
H0004,6452,2017-10-06,0
H0004,8132,2017-11-28,22
H0004,6458,2018-01-19,18
H0004,1184,2018-03-01,18
H0004,17634,2018-06-12,0
H0004,6409,2018-06-29,0
H0004,6428,2018-07-09,0
H0004,11348,2019-01-25,0
H0004,6439,2019-04-15,0
H0004,1262,2019-05-07,26
H0004,9072,2019-05-16,0
H0004,17627,2019-06-09,26
H0004,6463,2019-12-18,18
H0004,19576,2020-01-17,10
H0004,6401,2020-01-18,0
H0004,6420,2020-02-24,0
H0004,6386,2020-03-23,0
H0004,6397,2020-03-25,0
H0004,6430,2020-04-07,0
H0004,6418,2020-06-24,0
H0004,6453,2020-06-24,0
H0004,12992,2020-06-25,27
H0004,6441,2020-06-25,0
H0004,6443,2020-06-25,0
H0004,1171,2020-07-08,13
H0004,6421,2020-07-30,0
H0004,16917,2020-08-19,7
H0004,6432,2020-08-20,27
H0004,1234,2020-10-07,11
H0004,1235,2020-10-08,13
H0004,6435,2020-12-18,13
H0004,6433,2020-12-24,0
H0004,6408,2021-01-31,0
H0004,6402,2021-02-03,0
H0004,6413,2021-02-12,0
H0004,11354,2021-03-05,10
H0004,6440,2021-03-10,0
H0004,1258,2021-03-15,27
H0004,6442,2021-03-16,0
H0004,1251,2021-08-09,13
H0004,6423,2021-08-17,0
H0004,6431,2021-08-19,0
H0004,6419,2021-09-03,0
H0004,6404,2021-10-01,0
H0004,6434,2021-11-04,0
H0004,1163,2021-11-23,13
H0004,1240,2021-11-23,13
H0004,1249,2022-01-14,13
H0004,1245,2022-02-06,13
H0004,1248,2022-02-06,13
H0004,5758,2022-03-14,2
H0004,6369,2022-03-29,16
H0004,6405,2022-10-13,0
H0004,6411,2022-12-30,0
H0004,6398,2023-01-26,12
H0004,6468,2023-03-20,27
H0004,9655,2023-03-24,0
H0004,1241,2023-04-19,13
H0004,11355,2023-07-11,26
H0004,12993,2023-07-13,27
H0004,6400,2023-07-13,0
H0004,14577,2023-08-22,0
H0004,11350,2023-12-15,0
H0004,6436,2023-12-28,0
H0004,6407,2024-07-25,26
H0004,6424,2024-09-24,0
H0004,6412,2024-09-27,0
H0004,6410,2024-10-01,0
H0004,6406,2024-10-02,0
H0004,6429,2024-10-23,0
H0004,6455,2024-12-30,27
H0004,6395,2025-06-07,10
H0004,6394,2025-08-22,0
H0004,1185,2025-10-07,0
H0005,15292,2012-08-27,8
H0005,11838,2013-08-30,8
H0005,2085,2013-12-05,8
H0005,2083,2015-02-01,25
H0005,11858,2015-02-06,8
H0005,18814,2015-03-02,8
H0005,15303,2015-03-05,8
H0005,7130,2015-03-10,8
H0005,7141,2015-03-10,8
H0005,7132,2015-03-11,8
H0005,19211,2015-03-16,3
H0005,19212,2015-03-16,8
H0005,2064,2015-03-19,11
H0005,2092,2015-03-22,11
H0005,11851,2015-03-24,23
H0005,2084,2015-04-13,11
H0005,15288,2015-04-14,8
H0005,11834,2015-04-23,7
H0005,7116,2015-09-03,8
H0005,11855,2015-09-28,8
H0005,7103,2015-10-14,8
H0005,7104,2015-10-30,8
H0005,7095,2016-05-18,8
H0005,7114,2016-08-17,8
H0005,7071,2017-08-21,8
H0005,2070,2019-07-24,13
H0005,11842,2019-09-20,7
H0005,7076,2020-01-19,8
H0005,7142,2020-05-08,8
H0005,11860,2020-05-12,8
H0005,7111,2020-08-08,8
H0005,7069,2020-12-13,8
H0005,7077,2020-12-15,8
H0005,2097,2021-02-04,8
H0005,15281,2021-12-19,8
H0005,7078,2021-12-20,8
H0005,1965,2022-01-24,13
H0005,7087,2022-02-02,8
H0005,1960,2022-04-27,8
H0005,7102,2022-06-28,8
H0005,7073,2022-06-29,8
H0005,7118,2022-08-08,8
H0005,7120,2022-10-26,8
H0005,7080,2022-10-27,8
H0005,2121,2023-04-18,15
H0005,7067,2023-04-28,8
H0005,7083,2023-08-10,8
H0005,2111,2024-01-13,-1
H0005,1958,2024-01-25,13
H0005,2108,2024-04-03,8
H0005,2110,2024-04-26,11
H0005,2043,2024-04-29,-1
H0005,2049,2024-04-29,-1
H0005,1944,2024-06-08,8
H0005,2023,2024-09-09,22
H0005,15274,2024-09-10,22
H0005,1963,2025-01-27,25
H0005,7054,2025-07-19,22
H0005,7048,2025-07-23,8
H0005,1891,2025-07-30,5
H0005,7052,2025-07-30,8
H0005,1876,2025-08-18,8
H0005,15228,2025-09-23,8
H0005,1922,2025-10-09,13
H0005,2019,2025-10-10,8
H0006,1118,2010-07-13,0
H0006,2377,2010-08-25,0
H0006,1156,2010-12-29,0
H0006,1124,2011-04-08,0
H0006,9031,2011-04-30,0
H0006,11330,2011-05-09,9
H0006,11299,2011-05-10,0
H0006,11303,2011-05-11,0
H0006,11302,2011-05-13,0
H0006,18993,2011-05-13,0
H0006,1154,2011-05-14,-1
H0006,19005,2011-05-14,0
H0006,11332,2011-05-15,-1
H0006,11306,2011-05-20,10
H0006,11336,2011-05-21,0
H0006,11318,2011-05-28,0
H0006,11326,2011-05-31,0
H0006,19019,2011-06-10,-1
H0006,1131,2011-09-05,0
H0006,1114,2012-02-18,11
H0006,19017,2012-04-05,0
H0006,9066,2012-04-09,0
H0006,11322,2012-04-09,0
H0006,1111,2012-05-31,0
H0006,1116,2013-03-12,0
H0006,1126,2013-03-24,11
H0006,1110,2013-05-09,11
H0006,1123,2013-05-09,25
H0006,1119,2013-05-31,0
H0006,18998,2014-06-03,0
H0006,1115,2014-06-09,0
H0006,11310,2014-06-09,0
H0006,11331,2014-06-09,0
H0006,1121,2014-06-10,25
H0006,1127,2014-06-10,0
H0006,1138,2014-06-10,27
H0006,7750,2014-06-10,27
H0006,8167,2014-06-10,0
H0006,11328,2014-06-10,0
H0006,11340,2014-06-10,0
H0006,17649,2014-06-10,-1
H0006,19002,2014-06-10,0
H0006,1137,2014-06-11,25
H0006,1150,2014-06-11,13
H0006,11312,2014-06-12,0
H0006,19000,2014-06-18,0
H0006,5361,2014-06-22,2
H0006,11316,2014-07-14,0
H0006,11325,2014-07-23,0
H0006,9033,2014-07-29,0
H0006,19012,2014-10-28,0
H0006,11290,2015-05-16,27
H0006,9062,2015-12-09,0
H0006,19001,2016-04-13,0
H0006,1144,2016-09-12,0
H0006,9050,2017-05-22,0
H0006,11291,2017-10-31,0
H0006,19011,2017-11-05,0
H0006,11304,2017-11-18,0
H0006,1146,2017-11-20,-1
H0006,1140,2017-12-26,11
H0007,22242,2014-07-07,0
H0007,22247,2015-01-07,0
H0007,22190,2016-04-13,18
H0007,22191,2016-06-16,0
H0007,1547,2016-11-20,13
H0007,6196,2016-11-21,0
H0007,22189,2017-05-22,0
H0007,22237,2017-08-09,0
H0007,22179,2018-01-23,0
H0007,22185,2018-01-24,0
H0007,22187,2018-03-21,0
H0007,22182,2018-04-03,0
H0007,6229,2018-05-16,0
H0007,22231,2018-08-28,0
H0007,22246,2018-10-03,0
H0007,6197,2018-11-19,0
H0007,22232,2018-11-21,0
H0007,22180,2018-11-22,0
H0007,22244,2018-11-24,0
H0007,22224,2018-12-14,0
H0007,22225,2019-01-17,27
H0007,22221,2019-04-05,0
H0007,22223,2019-09-03,0
H0007,22217,2019-09-13,0
H0007,22230,2020-04-14,0
H0007,22235,2021-08-02,0
H0007,1543,2021-10-22,13
H0007,22234,2021-12-15,0
H0007,22226,2022-04-08,0
H0007,22227,2022-04-27,0
H0007,1544,2023-07-20,27
H0007,22178,2024-02-07,0
H0007,22183,2024-03-03,0
H0007,22240,2024-03-04,0
H0007,22188,2024-04-28,0
H0007,7402,2024-05-02,0
H0007,6254,2024-07-26,0
H0007,6134,2024-10-10,0
H0007,22219,2024-11-29,0
H0007,1541,2025-04-04,27
H0007,1545,2025-06-03,13
H0007,17606,2025-06-09,-1
H0007,22194,2025-06-13,0
H0007,22214,2025-06-16,0
H0007,22216,2025-06-16,0
H0007,22199,2025-06-17,0
H0007,22210,2025-06-23,0
H0008,6474,2019-09-24,12
H0008,10838,2020-11-05,27
H0008,6482,2021-05-22,0
H0008,6163,2021-06-17,18
H0008,13889,2021-07-09,-1
H0008,6062,2021-07-27,0
H0008,10833,2021-07-28,0
H0008,10842,2021-07-28,14
H0008,18828,2021-07-28,0
H0008,6488,2021-10-29,0
H0008,6123,2021-11-19,0
H0008,6045,2022-04-06,0
H0008,5933,2022-04-07,0
H0008,6371,2022-08-01,0
H0008,6375,2022-09-25,0
H0008,6010,2022-10-08,0
H0008,6476,2023-03-18,0
H0008,6133,2023-03-23,0
H0008,10601,2023-09-08,27
H0008,6481,2023-10-30,27
H0008,6484,2024-02-17,0
H0008,1364,2024-03-17,27
H0008,6040,2024-09-28,0
H0008,6070,2024-10-11,0
H0008,6477,2024-12-14,0
H0008,5915,2024-12-16,0
H0008,6028,2025-01-28,0
H0008,6007,2025-02-04,0
H0008,9093,2025-02-09,-1
H0008,5993,2025-04-21,0
H0008,9092,2025-04-23,13
H0008,6297,2025-05-02,0
H0008,5988,2025-05-08,24
H0008,5983,2025-06-22,0
H0008,9095,2025-06-27,13
H0008,6472,2025-08-31,0
H0008,5911,2025-11-11,0
H0009,7252,2020-10-08,0
H0009,9109,2021-02-01,0
H0009,6036,2023-02-24,9
H0009,6017,2023-02-26,0
H0009,15101,2023-03-01,27
H0009,1505,2023-03-20,15
H0009,1504,2023-04-18,14
H0009,6351,2023-04-28,0
H0009,6225,2023-06-14,0
H0009,23109,2023-09-06,0
H0009,11188,2023-09-13,0
H0009,6381,2023-10-03,0
H0009,9115,2024-06-30,0
H0009,6367,2024-07-25,0
H0009,6207,2024-07-27,0
H0009,17132,2024-09-28,5
H0009,5987,2025-05-06,0
H0009,5992,2025-08-21,0
H0009,15110,2025-08-23,0
H0009,5985,2025-08-27,0
H0009,23110,2025-12-03,0
H0010,3901,2022-07-06,27
H0010,4615,2023-06-01,6
H0010,4594,2023-06-17,9
H0010,4624,2023-06-17,27
H0010,7648,2025-04-04,-1
H0010,4574,2025-04-30,4
H0010,4565,2025-07-18,6
H0010,4580,2025-07-22,6
H0010,3890,2025-09-26,27
H0010,4567,2025-09-29,6
H0010,4569,2025-09-30,6
H0010,4557,2025-10-01,6
H0010,4558,2025-10-02,6
H0010,3884,2025-10-04,27
H0010,3882,2025-10-06,27
H0010,15949,2025-10-15,6
H0010,15969,2025-10-17,6
H0010,15952,2025-10-18,6
H0010,15977,2025-10-24,6
H0011,11070,2018-07-18,8
H0011,1286,2020-07-21,15
H0011,2128,2020-07-22,15
H0011,2122,2020-07-23,15
H0011,2131,2020-08-11,15
H0011,2417,2020-11-18,15
H0011,2118,2020-11-18,15
H0011,2123,2020-12-29,5
H0011,2124,2022-08-31,15
H0011,2125,2022-12-12,15
H0011,2114,2023-06-12,15
H0011,2119,2024-03-26,-1
H0011,2126,2024-07-26,15
H0011,2129,2024-07-26,10
H0011,2116,2024-07-29,15
H0012,6049,2021-06-17,0
H0012,6058,2021-06-18,0
H0012,6020,2021-06-21,0
H0012,6216,2021-07-28,0
H0012,7121,2023-03-07,27
H0012,6032,2023-03-07,0
H0012,5913,2023-04-21,0
H0012,6208,2023-05-15,0
H0012,6063,2024-01-09,0
H0012,6021,2024-01-12,4
H0012,5914,2024-01-13,0
H0012,15105,2024-01-15,0
H0012,6205,2024-07-31,0
H0012,7318,2025-03-18,10
H0013,6710,2022-01-24,3
H0013,6770,2022-01-26,3
H0013,6747,2023-08-29,3
H0013,6728,2024-01-19,3
H0013,6741,2024-01-29,3
H0013,6744,2024-02-21,3
H0013,6730,2024-02-22,3
H0013,6733,2024-02-23,3
H0013,6745,2024-02-23,3
H0013,6729,2024-02-26,3
H0013,22317,2024-02-29,3
H0013,6755,2024-07-24,3
H0013,2195,2024-08-14,11
H0013,6708,2025-07-31,3
H0014,4426,2024-05-07,2
H0014,4446,2024-05-10,2
H0014,4451,2024-05-24,2
H0014,9650,2024-06-11,16
H0014,3486,2024-07-17,2
H0014,4423,2024-07-17,2
H0014,3492,2024-07-18,4
H0014,20239,2024-07-18,2
H0014,4437,2024-07-18,2
H0014,4433,2024-07-20,2
H0014,4456,2024-07-21,2
H0014,4415,2025-10-23,2
H0014,20236,2025-12-03,7
H0015,13816,2020-05-05,4
H0015,6784,2021-02-02,3
H0015,7085,2021-03-05,8
H0015,13698,2021-08-11,18
H0015,13717,2022-07-14,18
H0015,13715,2023-03-16,9
H0015,13690,2023-05-22,18
H0015,13705,2023-07-24,18
H0015,3953,2024-10-04,6
H0015,7628,2024-12-07,0
H0015,6789,2025-10-11,18
H0015,6799,2025-10-11,18
H0015,13821,2025-10-12,18
H0016,6835,2024-08-22,8
H0016,6821,2024-08-23,8
H0016,6734,2024-11-11,12
H0016,6756,2024-11-12,12
H0016,6753,2024-11-13,12
H0016,180,2025-07-01,14
H0016,164,2025-07-02,14
H0016,17259,2025-07-04,6
H0016,7203,2025-07-08,18
H0016,6709,2025-07-08,3
H0016,8044,2025-07-17,16
H0016,17265,2025-11-19,0
H0017,15333,2012-03-20,10
H0017,2170,2012-06-11,10
H0017,8127,2012-06-24,22
H0017,831,2012-12-03,12
H0017,1071,2013-01-03,25
H0017,834,2013-05-09,12
H0017,17004,2013-05-26,13
H0017,1068,2013-08-07,12
H0017,1069,2014-01-17,13
H0017,1070,2014-01-17,11
H0017,1066,2014-10-28,1
H0017,1073,2017-08-31,0
H0018,5939,2015-08-05,0
H0018,6286,2018-08-03,0
H0018,15102,2019-03-20,-1
H0018,15107,2019-03-20,0
H0018,15112,2019-12-11,0
H0018,17104,2019-12-13,0
H0018,6038,2020-10-01,0
H0018,6023,2021-02-17,0
H0018,5929,2021-07-02,4
H0018,1511,2021-12-02,25
H0018,6022,2022-09-21,4
H0018,6019,2023-01-03,0
H0019,4262,2024-01-24,24
H0019,7156,2024-12-16,10
H0019,7246,2024-12-21,3
H0019,18245,2025-03-03,4
H0019,6501,2025-05-16,3
H0019,6494,2025-07-30,8
H0019,4316,2025-08-11,27
H0019,4320,2025-08-13,24
H0019,7240,2025-08-24,3
H0019,6497,2025-08-28,8
H0019,6500,2025-08-28,27
H0019,17271,2025-10-30,4
H0020,3043,2025-10-02,4
H0020,3050,2025-10-03,4
H0020,3431,2025-10-04,4
H0020,3033,2025-10-08,4
H0020,3054,2025-10-10,9
H0020,7395,2025-10-11,9
H0020,3045,2025-10-23,4
H0020,3149,2025-10-23,4
H0020,3148,2025-10-24,4
H0020,3145,2025-10-28,4
H0020,2917,2025-11-20,4
H0020,2920,2025-11-20,4
H0021,3514,2011-03-23,4
H0021,3512,2011-03-24,4
H0021,3524,2011-03-24,4
H0021,3509,2011-04-04,4
H0021,3510,2011-04-07,4
H0021,3502,2011-05-25,4
H0021,3484,2011-08-05,3
H0021,3493,2011-11-24,4
H0021,3499,2011-11-25,4
H0021,3513,2011-11-25,3
H0021,3515,2011-12-22,3
H0022,15919,2020-09-22,27
H0022,15912,2022-03-04,24
H0022,4940,2022-04-26,0
H0022,4384,2022-05-11,24
H0022,3751,2023-05-21,6
H0022,4349,2023-10-03,26
H0022,3732,2024-01-31,24
H0022,15891,2024-11-20,10
H0022,4259,2024-12-21,27
H0022,4342,2024-12-22,26
H0023,4005,2012-03-23,24
H0023,16012,2012-03-23,24
H0023,4294,2014-03-06,24
H0023,4637,2015-10-02,18
H0023,4609,2017-03-12,24
H0023,4614,2017-04-02,24
H0023,8006,2017-08-07,0
H0023,4604,2017-09-23,24
H0023,4385,2017-10-06,24
H0023,4577,2018-06-25,24
H0024,5596,2015-01-25,2
H0024,5595,2017-01-23,-1
H0024,16728,2017-03-05,-1
H0024,7741,2019-03-08,26
H0024,7391,2019-04-02,-1
H0024,7382,2019-04-04,-1
H0024,5676,2019-10-03,-1
H0024,7744,2020-11-18,-1
H0024,16735,2021-04-13,-1
H0024,5655,2021-08-30,2
H0025,8058,2021-05-28,27
H0025,20093,2022-03-19,16
H0025,7093,2023-12-22,8
H0025,20092,2025-03-04,23
H0025,17112,2025-03-06,5
H0025,6816,2025-03-07,3
H0025,17114,2025-03-11,23
H0025,23160,2025-03-15,23
H0025,7331,2025-04-24,10
H0025,7344,2025-04-25,23
H0026,7193,2024-06-05,7
H0026,1266,2024-07-04,14
H0026,21440,2024-09-16,15
H0026,7406,2024-09-17,15
H0026,11008,2024-10-14,7
H0026,7150,2025-01-15,10
H0026,7201,2025-05-17,15
H0026,17287,2025-05-17,15
H0026,17252,2025-05-27,0
H0026,7204,2025-06-24,25
H0027,3542,2017-02-15,23
H0027,19384,2017-02-16,23
H0027,3546,2017-05-07,23
H0027,3548,2017-07-28,23
H0027,20293,2017-07-31,23
H0027,3544,2017-08-08,23
H0027,3532,2019-04-11,23
H0027,3552,2019-08-04,23
H0027,3005,2019-08-20,23
H0027,3538,2020-06-17,23
H0028,5635,2023-08-17,2
H0028,5634,2024-01-22,2
H0028,5639,2024-04-18,-1
H0028,3582,2024-06-26,6
H0028,8795,2024-06-28,22
H0028,8787,2024-12-18,-1
H0028,3564,2025-05-27,6
H0028,7068,2025-08-12,-1
H0028,17228,2025-08-12,6
H0029,6771,2024-06-14,-1
H0029,3951,2025-02-03,26
H0029,7565,2025-03-03,-1
H0029,7753,2025-03-03,-1
H0029,11122,2025-03-04,-1
H0029,11095,2025-03-27,-1
H0029,6778,2025-07-02,22
H0029,7574,2025-09-23,-1
H0029,17289,2025-11-30,27
H0030,15091,2010-05-13,12
H0030,15093,2013-02-08,0
H0030,15096,2014-06-26,0
H0030,1475,2015-03-20,25
H0030,15095,2015-06-13,1
H0030,15087,2015-12-30,0
H0030,15086,2016-03-12,0
H0030,15097,2016-03-14,0
H0031,7937,2021-12-20,0
H0031,6362,2022-02-10,0
H0031,7942,2022-02-11,0
H0031,5573,2022-03-17,2
H0031,7945,2022-04-26,0
H0031,5552,2022-04-28,0
H0031,7934,2022-08-17,0
H0031,7943,2022-08-23,27
H0032,1756,2016-06-11,14
H0032,1748,2016-06-21,14
H0032,1755,2017-06-20,14
H0032,1758,2017-12-07,14
H0032,1757,2017-12-13,14
H0032,7261,2018-04-24,22
H0032,17309,2018-08-22,14
H0032,6490,2020-10-27,0
H0033,7109,2022-11-03,8
H0033,7127,2022-11-08,22
H0033,7124,2022-12-06,8
H0033,7397,2023-01-04,12
H0033,2882,2023-05-09,12
H0033,2864,2024-08-13,12
H0033,2877,2024-08-16,12
H0033,8194,2024-09-27,23
H0034,11365,2012-11-22,12
H0034,6483,2013-12-24,0
H0034,6485,2013-12-24,0
H0034,6486,2013-12-24,0
H0034,6492,2013-12-24,0
H0034,6493,2013-12-25,0
H0034,6478,2013-12-30,0
H0034,6479,2014-01-07,0
H0035,3305,2013-03-28,1
H0035,3301,2013-08-06,1
H0035,2311,2014-05-27,12
H0035,19479,2014-11-17,1
H0035,693,2015-03-14,1
H0035,3299,2015-09-02,9
H0035,3296,2016-05-27,1
H0036,17073,2022-06-14,7
H0036,6711,2023-01-09,7
H0036,16785,2023-06-12,7
H0036,6701,2023-08-17,8
H0036,6685,2025-08-14,2
H0036,6712,2025-08-22,2
H0036,6703,2025-10-09,8
H0037,6768,2024-08-13,26
H0037,8139,2024-09-24,6
H0037,6777,2024-09-25,22
H0037,8137,2024-09-25,6
H0037,8157,2024-09-26,6
H0037,8154,2024-10-21,18
H0037,401,2025-03-19,26
H0038,4507,2023-09-21,24
H0038,21285,2024-01-19,24
H0038,6823,2024-01-22,22
H0038,4505,2024-08-07,12
H0038,17383,2024-08-09,24
H0038,21280,2024-12-13,24
H0038,4229,2024-12-13,24
H0039,6057,2022-08-01,0
H0039,6033,2023-05-31,0
H0039,6026,2024-02-27,0
H0039,6048,2024-02-27,0
H0039,6201,2024-07-25,0
H0039,8036,2025-05-19,16
H0039,18296,2025-06-11,16
H0040,1207,2025-02-03,11
H0040,1203,2025-02-05,5
H0040,2214,2025-02-06,11
H0040,2160,2025-04-14,11
H0040,1164,2025-05-27,11
H0040,1165,2025-05-29,11
H0040,1179,2025-06-05,5
H0041,1085,2010-07-27,25
H0041,1090,2010-09-03,7
H0041,1102,2011-02-14,0
H0041,2450,2011-07-02,1
H0041,1101,2012-08-30,11
H0041,1104,2012-09-18,0
H0042,7614,2024-02-01,-1
H0042,7613,2024-11-09,-1
H0042,7610,2024-11-22,-1
H0042,5620,2024-11-25,-1
H0042,7376,2025-11-24,10
H0042,7361,2025-11-26,0
H0043,7268,2021-12-04,27
H0043,985,2022-01-13,-1
H0043,7241,2022-11-24,22
H0043,7269,2023-04-20,11
H0043,5207,2023-07-20,2
H0043,559,2023-08-01,1
H0044,7277,2024-02-27,15
H0044,7280,2024-02-27,15
H0044,7284,2024-02-27,15
H0044,7298,2024-02-28,15
H0044,20500,2024-05-22,3
H0044,20508,2024-05-26,3
H0045,2183,2025-02-14,11
H0045,172,2025-04-14,-1
H0045,8054,2025-06-10,16
H0045,169,2025-11-13,25
H0045,8039,2025-11-22,16
H0045,3014,2026-01-24,7
H0046,4269,2023-09-12,0
H0046,4401,2023-11-28,0
H0046,4607,2025-01-18,27
H0046,4381,2025-02-13,6
H0046,15968,2025-07-23,27
H0046,4563,2025-07-23,24
H0047,4126,2023-06-20,6
H0047,20433,2025-03-04,25
H0047,20469,2025-03-06,27
H0047,3719,2025-08-04,6
H0047,3723,2025-08-07,6
H0047,4123,2025-08-07,6
H0048,15462,2021-04-27,8
H0048,373,2021-10-14,14
H0048,2967,2022-02-17,12
H0048,7131,2022-07-01,12
H0048,380,2022-11-30,25
H0049,11794,2021-07-21,7
H0049,6649,2022-05-17,8
H0049,15562,2022-08-09,8
H0049,7138,2023-07-24,8
H0049,2134,2023-12-13,11
H0050,2977,2024-07-28,4
H0050,18771,2024-08-05,10
H0050,7711,2024-08-08,10
H0050,2973,2024-08-11,9
H0050,7694,2025-03-16,10
H0051,5002,2021-10-13,5
H0051,981,2022-03-03,13
H0051,8049,2022-03-22,16
H0051,3016,2022-07-09,7
H0051,2515,2022-10-31,1
H0052,2949,2021-12-04,9
H0052,13890,2022-02-08,18
H0052,6772,2022-03-20,18
H0052,20613,2022-06-22,18
H0052,13885,2023-02-02,18
H0053,19018,2020-04-22,0
H0053,6355,2020-08-26,16
H0053,6356,2020-09-09,0
H0053,6368,2022-07-03,0
H0053,7388,2023-02-06,-1
H0054,2960,2024-04-20,23
H0054,6943,2024-11-05,22
H0054,2922,2025-03-20,4
H0054,2934,2025-03-21,1
H0054,850,2025-10-09,6
H0055,5937,2019-08-11,0
H0055,6215,2019-08-14,0
H0055,6211,2019-08-19,0
H0055,6030,2019-08-20,0
H0055,6223,2019-08-20,0
H0056,3497,2011-11-30,4
H0056,3495,2011-12-26,4
H0056,432,2012-05-19,1
H0056,424,2013-10-07,1
H0057,1769,2024-01-17,5
H0057,15184,2024-01-18,5
H0057,15214,2024-01-18,5
H0057,6949,2024-12-13,10
H0058,7738,2024-03-28,-1
H0058,7740,2024-12-16,-1
H0058,5671,2024-12-17,2
H0058,7737,2025-08-05,-1
H0059,5750,2025-08-21,2
H0059,5789,2025-09-12,7
H0059,16777,2025-09-12,7
H0059,16781,2025-09-12,22
H0060,7677,2022-03-21,10
H0060,9673,2023-04-19,15
H0060,7656,2024-06-07,18
H0060,7657,2024-08-03,10
H0061,12002,2018-03-06,12
H0061,19255,2018-10-05,0
H0061,19265,2019-07-18,12
H0061,12000,2019-07-19,12
H0062,15961,2016-02-17,24
H0062,4634,2016-02-17,24
H0062,15966,2016-02-25,6
H0062,15965,2016-11-27,27
H0063,6515,2024-10-17,3
H0063,1055,2025-04-03,25
H0063,1093,2025-06-30,25
H0063,2144,2025-11-21,11
H0064,2017,2024-12-17,15
H0064,6986,2024-12-18,15
H0064,2004,2024-12-20,15
H0064,1999,2025-06-21,15
H0065,2011,2021-06-02,15
H0065,2000,2021-06-03,15
H0065,6984,2021-06-03,15
H0065,2013,2021-06-28,15
H0066,4227,2025-04-02,6
H0066,4333,2025-04-11,6
H0066,4330,2025-05-26,6
H0066,4321,2025-06-23,6
H0067,4623,2016-11-03,6
H0067,4271,2016-11-07,6
H0067,4613,2018-10-31,6
H0067,4622,2019-03-20,0
H0068,4938,2024-10-30,6
H0068,4943,2024-11-03,6
H0068,4937,2024-12-09,6
H0068,4933,2025-11-04,6
H0069,7870,2009-09-26,27
H0069,7976,2009-10-01,-1
H0069,7979,2009-10-03,27
H0069,7972,2010-05-25,27
H0070,370,2022-04-27,16
H0070,6911,2022-05-01,16
H0070,8070,2023-02-20,16
H0071,656,2020-05-27,4
H0071,3000,2020-05-27,4
H0071,3132,2020-05-28,4
H0072,7009,2024-01-19,9
H0072,23165,2025-09-12,27
H0072,1103,2025-09-24,0
H0073,1856,2024-03-08,5
H0073,2022,2024-03-08,8
H0073,15273,2024-03-11,8
H0074,6947,2024-12-23,22
H0074,2663,2025-02-14,3
H0074,6508,2025-08-26,3
H0075,18250,2020-01-28,8
H0075,2962,2020-01-29,4
H0075,2970,2020-02-06,3
H0076,8652,2019-01-29,1
H0076,8660,2019-02-08,1
H0076,5192,2019-07-01,1
H0077,5585,2014-10-10,-1
H0077,5582,2014-12-23,2
H0077,6451,2015-03-26,0
H0078,7743,2022-04-20,-1
H0078,5670,2024-12-17,2
H0078,5583,2025-02-26,-1
H0079,5753,2019-01-28,2
H0079,5760,2019-03-06,2
H0079,5768,2019-03-25,7
H0080,5770,2022-01-12,7
H0080,5762,2022-01-16,7
H0080,5759,2022-04-08,2
H0081,6255,2025-08-27,27
H0081,17334,2025-11-24,18
H0081,17337,2025-11-26,0
H0082,6309,2023-04-09,0
H0082,23108,2025-05-13,0
H0082,5994,2025-08-22,0
H0083,524,2023-08-21,2
H0083,5200,2023-09-25,2
H0083,7075,2024-02-05,8
H0084,7346,2025-06-06,0
H0084,17360,2025-06-07,0
H0084,7398,2025-08-05,24
H0085,7433,2024-05-25,23
H0085,14016,2025-05-12,23
H0085,17292,2025-08-20,23
H0086,7523,2024-12-17,2
H0086,4407,2025-09-24,2
H0086,4412,2025-09-26,2
H0087,13054,2024-03-04,10
H0087,8998,2024-04-05,10
H0087,13056,2024-04-17,7
H0088,9067,2011-06-23,0
H0088,9138,2011-06-25,26
H0088,16934,2011-07-13,10
H0089,6060,2019-08-10,4
H0089,9106,2019-08-12,0
H0089,6226,2019-08-18,0
H0090,23113,2018-11-30,0
H0090,9136,2019-07-20,0
H0090,11184,2019-08-03,0
H0091,15199,2024-11-30,10
H0091,9618,2025-01-30,23
H0091,10622,2025-07-07,27
H0092,13072,2025-03-02,23
H0092,20413,2025-11-07,6
H0092,17478,2025-11-08,6
H0093,7367,2018-12-06,24
H0093,23487,2019-09-20,1
H0093,17628,2020-02-28,1
H0094,6073,2019-04-25,12
H0094,19022,2019-04-26,12
H0094,6072,2019-04-26,0
H0095,19565,2019-06-20,16
H0095,8067,2020-02-12,16
H0095,19548,2020-05-28,16
H0096,19672,2024-10-24,0
H0096,7756,2025-01-20,1
H0096,3808,2025-10-17,2
H0097,4109,2023-11-19,6
H0097,865,2024-03-17,27
H0097,4118,2024-03-18,6
H0098,1206,2024-10-30,25
H0098,1186,2025-08-12,25
H0098,1054,2025-10-21,11
H0099,2241,2023-12-07,1
H0099,2260,2023-12-11,1
H0099,2243,2023-12-12,1
H0100,4413,2025-11-17,2
H0100,4406,2025-11-18,2
H0100,4409,2025-11-18,2
H0101,5932,2015-11-19,0
H0101,6203,2016-01-07,0
H0101,6230,2016-01-07,0
H0102,5976,2026-02-09,12
H0102,5977,2026-02-10,12
H0102,6096,2026-02-10,12
H0103,6358,2019-12-08,0
H0103,6364,2019-12-09,0
H0103,6354,2019-12-12,0
H0104,8071,2020-08-26,16
H0104,6696,2022-06-21,8
H0104,6700,2022-06-24,8
