thread_id,doc_id
E0000,34
E0000,39
E0000,41
E0000,42
E0000,67
E0000,73
E0000,78
E0000,84
E0000,93
E0000,105
E0000,135
E0000,150
E0000,164
E0000,175
E0000,179
E0000,180
E0000,185
E0000,188
E0000,189
E0000,210
E0000,223
E0000,265
E0000,271
E0000,272
E0000,280
E0000,291
E0000,301
E0000,305
E0000,306
E0000,307
E0000,358
E0000,370
E0000,373
E0000,380
E0000,392
E0000,396
E0000,397
E0000,418
E0000,422
E0000,424
E0000,426
E0000,427
E0000,428
E0000,432
E0000,469
E0000,470
E0000,480
E0000,482
E0000,487
E0000,510
E0000,520
E0000,527
E0000,563
E0000,565
E0000,588
E0000,592
E0000,597
E0000,603
E0000,607
E0000,616
E0000,617
E0000,630
E0000,631
E0000,633
E0000,639
E0000,641
E0000,643
E0000,653
E0000,656
E0000,657
E0000,658
E0000,661
E0000,662
E0000,668
E0000,687
E0000,699
E0000,703
E0000,708
E0000,716
E0000,731
E0000,744
E0000,816
E0000,826
E0000,831
E0000,833
E0000,834
E0000,837
E0000,902
E0000,903
E0000,913
E0000,915
E0000,925
E0000,929
E0000,943
E0000,949
E0000,950
E0000,951
E0000,952
E0000,955
E0000,960
E0000,961
E0000,962
E0000,963
E0000,968
E0000,972
E0000,1056
E0000,1066
E0000,1068
E0000,1069
E0000,1070
E0000,1071
E0000,1073
E0000,1084
E0000,1089
E0000,1091
E0000,1095
E0000,1101
E0000,1102
E0000,1103
E0000,1104
E0000,1110
E0000,1111
E0000,1114
E0000,1115
E0000,1116
E0000,1118
E0000,1119
E0000,1121
E0000,1123
E0000,1124
E0000,1126
E0000,1127
E0000,1131
E0000,1137
E0000,1138
E0000,1140
E0000,1144
E0000,1146
E0000,1150
E0000,1156
E0000,1163
E0000,1171
E0000,1193
E0000,1194
E0000,1204
E0000,1208
E0000,1215
E0000,1222
E0000,1226
E0000,1227
E0000,1234
E0000,1235
E0000,1240
E0000,1241
E0000,1243
E0000,1245
E0000,1248
E0000,1249
E0000,1251
E0000,1255
E0000,1257
E0000,1258
E0000,1261
E0000,1262
E0000,1475
E0000,1476
E0000,1501
E0000,1502
E0000,1504
E0000,1505
E0000,1511
E0000,1512
E0000,1519
E0000,1520
E0000,1537
E0000,1539
E0000,1540
E0000,1541
E0000,1542
E0000,1543
E0000,1544
E0000,1545
E0000,1547
E0000,1549
E0000,1554
E0000,1557
E0000,1559
E0000,1563
E0000,1565
E0000,1570
E0000,1572
E0000,1577
E0000,1586
E0000,1588
E0000,1591
E0000,1594
E0000,1602
E0000,1603
E0000,1604
E0000,1605
E0000,1610
E0000,1611
E0000,1613
E0000,1614
E0000,1615
E0000,1619
E0000,1620
E0000,1625
E0000,1626
E0000,1628
E0000,1631
E0000,1634
E0000,1637
E0000,1638
E0000,1639
E0000,1640
E0000,1644
E0000,1646
E0000,1647
E0000,1649
E0000,1652
E0000,1658
E0000,1662
E0000,1663
E0000,1664
E0000,1665
E0000,1666
E0000,1668
E0000,1670
E0000,1672
E0000,1675
E0000,1676
E0000,1677
E0000,1679
E0000,1680
E0000,1682
E0000,1683
E0000,1684
E0000,1685
E0000,1686
E0000,1687
E0000,1688
E0000,1689
E0000,1692
E0000,1694
E0000,1695
E0000,1696
E0000,1697
E0000,1699
E0000,1700
E0000,1701
E0000,1702
E0000,1709
E0000,1710
E0000,1713
E0000,1715
E0000,1716
E0000,1717
E0000,1718
E0000,1719
E0000,1721
E0000,1722
E0000,1727
E0000,1729
E0000,1730
E0000,1731
E0000,1734
E0000,1735
E0000,1738
E0000,1740
E0000,1741
E0000,1743
E0000,1769
E0000,1770
E0000,1772
E0000,1781
E0000,1783
E0000,1788
E0000,1791
E0000,1793
E0000,1804
E0000,1807
E0000,1810
E0000,1813
E0000,1815
E0000,1821
E0000,1825
E0000,1830
E0000,1854
E0000,1856
E0000,1876
E0000,1891
E0000,1922
E0000,1942
E0000,1944
E0000,1958
E0000,1960
E0000,1963
E0000,1965
E0000,1973
E0000,2022
E0000,2023
E0000,2038
E0000,2043
E0000,2049
E0000,2064
E0000,2070
E0000,2083
E0000,2084
E0000,2085
E0000,2092
E0000,2097
E0000,2108
E0000,2110
E0000,2111
E0000,2121
E0000,2133
E0000,2134
E0000,2170
E0000,2172
E0000,2184
E0000,2188
E0000,2190
E0000,2193
E0000,2207
E0000,2212
E0000,2222
E0000,2223
E0000,2224
E0000,2245
E0000,2417
E0000,2512
E0000,2517
E0000,2591
E0000,2593
E0000,2607
E0000,2621
E0000,2627
E0000,2663
E0000,2777
E0000,2792
E0000,2848
E0000,2906
E0000,2915
E0000,2970
E0000,2973
E0000,2977
E0000,3486
E0000,3492
E0000,3545
E0000,3618
E0000,3732
E0000,3751
E0000,3768
E0000,3798
E0000,3800
E0000,3801
E0000,3802
E0000,3827
E0000,3851
E0000,3942
E0000,3945
E0000,3959
E0000,4005
E0000,4018
E0000,4019
E0000,4020
E0000,4083
E0000,4106
E0000,4280
E0000,4310
E0000,4336
E0000,4341
E0000,4344
E0000,4364
E0000,4464
E0000,4603
E0000,4724
E0000,4816
E0000,4817
E0000,4905
E0000,5050
E0000,5056
E0000,5071
E0000,5110
E0000,5136
E0000,5139
E0000,5140
E0000,5141
E0000,5142
E0000,5143
E0000,5145
E0000,5146
E0000,5154
E0000,5155
E0000,5156
E0000,5159
E0000,5160
E0000,5161
E0000,5191
E0000,5192
E0000,5196
E0000,5198
E0000,5203
E0000,5263
E0000,5280
E0000,5285
E0000,5314
E0000,5402
E0000,5408
E0000,5432
E0000,5442
E0000,5552
E0000,5573
E0000,5578
E0000,5582
E0000,5583
E0000,5585
E0000,5595
E0000,5596
E0000,5620
E0000,5634
E0000,5635
E0000,5639
E0000,5655
E0000,5656
E0000,5665
E0000,5667
E0000,5670
E0000,5671
E0000,5676
E0000,5682
E0000,5689
E0000,5739
E0000,5745
E0000,5750
E0000,5756
E0000,5758
E0000,5759
E0000,5762
E0000,5763
E0000,5768
E0000,5770
E0000,5789
E0000,6001
E0000,6003
E0000,6004
E0000,6047
E0000,6054
E0000,6059
E0000,6064
E0000,6148
E0000,6152
E0000,6153
E0000,6154
E0000,6157
E0000,6158
E0000,6159
E0000,6163
E0000,6175
E0000,6176
E0000,6180
E0000,6225
E0000,6240
E0000,6243
E0000,6247
E0000,6251
E0000,6255
E0000,6261
E0000,6263
E0000,6277
E0000,6297
E0000,6309
E0000,6362
E0000,6373
E0000,6376
E0000,6380
E0000,6382
E0000,6384
E0000,6416
E0000,6437
E0000,6449
E0000,6450
E0000,6451
E0000,6460
E0000,6487
E0000,6489
E0000,6490
E0000,6503
E0000,6647
E0000,6701
E0000,6703
E0000,6711
E0000,6768
E0000,6771
E0000,6780
E0000,6789
E0000,6797
E0000,6799
E0000,6807
E0000,6808
E0000,6829
E0000,6833
E0000,6837
E0000,6842
E0000,6896
E0000,6924
E0000,7008
E0000,7009
E0000,7064
E0000,7075
E0000,7079
E0000,7081
E0000,7082
E0000,7085
E0000,7089
E0000,7093
E0000,7100
E0000,7101
E0000,7108
E0000,7110
E0000,7121
E0000,7124
E0000,7127
E0000,7128
E0000,7131
E0000,7137
E0000,7138
E0000,7150
E0000,7154
E0000,7156
E0000,7165
E0000,7166
E0000,7170
E0000,7172
E0000,7179
E0000,7181
E0000,7185
E0000,7186
E0000,7189
E0000,7190
E0000,7193
E0000,7197
E0000,7198
E0000,7200
E0000,7201
E0000,7202
E0000,7203
E0000,7205
E0000,7210
E0000,7212
E0000,7215
E0000,7216
E0000,7225
E0000,7228
E0000,7241
E0000,7249
E0000,7252
E0000,7258
E0000,7260
E0000,7262
E0000,7269
E0000,7277
E0000,7280
E0000,7284
E0000,7287
E0000,7298
E0000,7308
E0000,7314
E0000,7317
E0000,7318
E0000,7319
E0000,7330
E0000,7331
E0000,7344
E0000,7346
E0000,7347
E0000,7369
E0000,7374
E0000,7379
E0000,7381
E0000,7388
E0000,7394
E0000,7395
E0000,7397
E0000,7398
E0000,7402
E0000,7404
E0000,7405
E0000,7406
E0000,7424
E0000,7433
E0000,7451
E0000,7463
E0000,7475
E0000,7483
E0000,7495
E0000,7523
E0000,7560
E0000,7561
E0000,8038
E0000,8046
E0000,8051
E0000,8056
E0000,8083
E0000,8095
E0000,8108
E0000,8119
E0000,8120
E0000,8124
E0000,8127
E0000,8133
E0000,8137
E0000,8139
E0000,8149
E0000,8154
E0000,8155
E0000,8157
E0000,8165
E0000,8167
E0000,8171
E0000,8192
E0000,8194
E0000,8195
E0000,8521
E0000,8532
E0000,8533
E0000,8538
E0000,8590
E0000,8633
E0000,8652
E0000,8660
E0000,8721
E0000,8726
E0000,8764
E0000,8769
E0000,8775
E0000,8787
E0000,8795
E0000,8955
E0000,8982
E0000,8984
E0000,8986
E0000,8987
E0000,8992
E0000,8998
E0000,9005
E0000,9006
E0000,9008
E0000,9012
E0000,9013
E0000,9021
E0000,9022
E0000,9023
E0000,9024
E0000,9026
E0000,9029
E0000,9033
E0000,9050
E0000,9055
E0000,9061
E0000,9062
E0000,9066
E0000,9069
E0000,9070
E0000,9071
E0000,9072
E0000,9084
E0000,9092
E0000,9093
E0000,9095
E0000,9101
E0000,9106
E0000,9109
E0000,9115
E0000,9118
E0000,9124
E0000,9130
E0000,9135
E0000,9136
E0000,9142
E0000,9149
E0000,9151
E0000,9240
E0000,9243
E0000,9553
E0000,9580
E0000,9597
E0000,9600
E0000,9603
E0000,9618
E0000,9650
E0000,9655
E0000,9662
E0000,9669
E0000,9673
E0000,9698
E0000,9700
E0000,9943
E0000,10002
E0000,10005
E0000,10006
E0000,10008
E0000,10014
E0000,10029
E0000,10044
E0000,10049
E0000,10051
E0000,10052
E0000,10053
E0000,10063
E0000,10091
E0000,10096
E0000,10112
E0000,10114
E0000,10144
E0000,10154
E0000,10157
E0000,10169
E0000,10473
E0000,10516
E0000,10601
E0000,10622
E0000,10833
E0000,10838
E0000,10842
E0000,11008
E0000,11055
E0000,11070
E0000,11095
E0000,11109
E0000,11112
E0000,11121
E0000,11122
E0000,11184
E0000,11188
E0000,11201
E0000,11221
E0000,11291
E0000,11299
E0000,11302
E0000,11303
E0000,11304
E0000,11310
E0000,11312
E0000,11316
E0000,11318
E0000,11322
E0000,11325
E0000,11326
E0000,11328
E0000,11330
E0000,11331
E0000,11340
E0000,11348
E0000,11350
E0000,11354
E0000,11355
E0000,11365
E0000,11609
E0000,11648
E0000,11687
E0000,11695
E0000,11706
E0000,11715
E0000,11724
E0000,11762
E0000,11793
E0000,11794
E0000,11799
E0000,11800
E0000,11812
E0000,11814
E0000,11823
E0000,11834
E0000,11838
E0000,11842
E0000,11851
E0000,11855
E0000,11858
E0000,11860
E0000,11868
E0000,11890
E0000,11894
E0000,11895
E0000,11899
E0000,11900
E0000,11903
E0000,11907
E0000,11908
E0000,11909
E0000,11910
E0000,11913
E0000,11925
E0000,11927
E0000,11931
E0000,11936
E0000,11941
E0000,11949
E0000,11951
E0000,11952
E0000,11963
E0000,11965
E0000,11967
E0000,11968
E0000,11970
E0000,11976
E0000,11977
E0000,11978
E0000,11980
E0000,11988
E0000,11990
E0000,11991
E0000,11994
E0000,11996
E0000,11999
E0000,12000
E0000,12014
E0000,12025
E0000,12036
E0000,12127
E0000,12140
E0000,12148
E0000,12484
E0000,12509
E0000,12715
E0000,13054
E0000,13056
E0000,13072
E0000,13690
E0000,13694
E0000,13698
E0000,13705
E0000,13715
E0000,13717
E0000,13743
E0000,13798
E0000,13801
E0000,13805
E0000,13809
E0000,13810
E0000,13814
E0000,13816
E0000,13819
E0000,13821
E0000,13827
E0000,13856
E0000,13857
E0000,13859
E0000,13872
E0000,13874
E0000,13876
E0000,13879
E0000,13880
E0000,13882
E0000,13885
E0000,13887
E0000,13888
E0000,13889
E0000,13890
E0000,13898
E0000,13908
E0000,13910
E0000,14016
E0000,14026
E0000,14037
E0000,14062
E0000,14069
E0000,14075
E0000,14511
E0000,14512
E0000,14522
E0000,14539
E0000,14577
E0000,14585
E0000,15082
E0000,15083
E0000,15084
E0000,15086
E0000,15087
E0000,15088
E0000,15089
E0000,15092
E0000,15093
E0000,15094
E0000,15096
E0000,15097
E0000,15102
E0000,15105
E0000,15110
E0000,15112
E0000,15120
E0000,15123
E0000,15126
E0000,15127
E0000,15128
E0000,15130
E0000,15131
E0000,15132
E0000,15137
E0000,15138
E0000,15141
E0000,15142
E0000,15143
E0000,15146
E0000,15148
E0000,15149
E0000,15151
E0000,15152
E0000,15154
E0000,15156
E0000,15157
E0000,15158
E0000,15164
E0000,15166
E0000,15169
E0000,15172
E0000,15175
E0000,15176
E0000,15177
E0000,15179
E0000,15184
E0000,15185
E0000,15187
E0000,15188
E0000,15191
E0000,15193
E0000,15195
E0000,15196
E0000,15199
E0000,15214
E0000,15228
E0000,15231
E0000,15254
E0000,15258
E0000,15260
E0000,15267
E0000,15273
E0000,15274
E0000,15281
E0000,15284
E0000,15288
E0000,15299
E0000,15321
E0000,15341
E0000,15344
E0000,15353
E0000,15419
E0000,15462
E0000,15492
E0000,15915
E0000,15924
E0000,15937
E0000,15940
E0000,15942
E0000,15945
E0000,15946
E0000,15949
E0000,15952
E0000,15961
E0000,15965
E0000,15966
E0000,15968
E0000,15969
E0000,15977
E0000,15983
E0000,15996
E0000,16003
E0000,16007
E0000,16012
E0000,16013
E0000,16036
E0000,16077
E0000,16188
E0000,16324
E0000,16508
E0000,16533
E0000,16587
E0000,16704
E0000,16717
E0000,16728
E0000,16764
E0000,16768
E0000,16776
E0000,16777
E0000,16781
E0000,16785
E0000,16790
E0000,16792
E0000,16793
E0000,16794
E0000,16796
E0000,16797
E0000,16798
E0000,16800
E0000,16801
E0000,16802
E0000,16803
E0000,16804
E0000,16805
E0000,16807
E0000,16808
E0000,16812
E0000,16813
E0000,16884
E0000,16890
E0000,16917
E0000,16926
E0000,16927
E0000,16928
E0000,16959
E0000,16976
E0000,16979
E0000,16980
E0000,16985
E0000,16987
E0000,16995
E0000,17003
E0000,17012
E0000,17028
E0000,17029
E0000,17043
E0000,17073
E0000,17104
E0000,17107
E0000,17110
E0000,17112
E0000,17114
E0000,17119
E0000,17132
E0000,17133
E0000,17189
E0000,17191
E0000,17227
E0000,17228
E0000,17231
E0000,17235
E0000,17238
E0000,17244
E0000,17252
E0000,17259
E0000,17264
E0000,17265
E0000,17268
E0000,17271
E0000,17275
E0000,17277
E0000,17279
E0000,17280
E0000,17282
E0000,17287
E0000,17289
E0000,17292
E0000,17305
E0000,17306
E0000,17307
E0000,17308
E0000,17309
E0000,17316
E0000,17321
E0000,17324
E0000,17334
E0000,17337
E0000,17353
E0000,17356
E0000,17362
E0000,17368
E0000,17369
E0000,17371
E0000,17376
E0000,17377
E0000,17380
E0000,17383
E0000,17386
E0000,17439
E0000,17478
E0000,17503
E0000,17588
E0000,17606
E0000,17608
E0000,17609
E0000,17610
E0000,17611
E0000,17628
E0000,17630
E0000,17631
E0000,17634
E0000,17635
E0000,17638
E0000,17649
E0000,18021
E0000,18023
E0000,18028
E0000,18031
E0000,18036
E0000,18039
E0000,18057
E0000,18089
E0000,18245
E0000,18249
E0000,18250
E0000,18287
E0000,18289
E0000,18296
E0000,18355
E0000,18391
E0000,18418
E0000,18422
E0000,18426
E0000,18429
E0000,18431
E0000,18432
E0000,18435
E0000,18440
E0000,18442
E0000,18447
E0000,18449
E0000,18459
E0000,18498
E0000,18594
E0000,18630
E0000,18699
E0000,18708
E0000,18764
E0000,18771
E0000,18828
E0000,18842
E0000,18918
E0000,18923
E0000,18993
E0000,18998
E0000,19000
E0000,19001
E0000,19002
E0000,19005
E0000,19011
E0000,19012
E0000,19017
E0000,19018
E0000,19021
E0000,19022
E0000,19035
E0000,19043
E0000,19044
E0000,19050
E0000,19052
E0000,19126
E0000,19128
E0000,19185
E0000,19195
E0000,19199
E0000,19211
E0000,19212
E0000,19224
E0000,19225
E0000,19227
E0000,19230
E0000,19232
E0000,19234
E0000,19244
E0000,19255
E0000,19257
E0000,19263
E0000,19265
E0000,19321
E0000,19327
E0000,19384
E0000,19440
E0000,19475
E0000,19478
E0000,19479
E0000,19481
E0000,19484
E0000,19491
E0000,19494
E0000,19502
E0000,19503
E0000,19507
E0000,19510
E0000,19511
E0000,19512
E0000,19515
E0000,19517
E0000,19547
E0000,19548
E0000,19552
E0000,19565
E0000,19576
E0000,19616
E0000,19672
E0000,19883
E0000,19884
E0000,19888
E0000,19893
E0000,19895
E0000,19902
E0000,19914
E0000,19915
E0000,19919
E0000,19924
E0000,19933
E0000,19954
E0000,19968
E0000,20043
E0000,20076
E0000,20092
E0000,20093
E0000,20165
E0000,20171
E0000,20206
E0000,20213
E0000,20219
E0000,20236
E0000,20239
E0000,20282
E0000,20366
E0000,20373
E0000,20383
E0000,20413
E0000,20433
E0000,20436
E0000,20469
E0000,20493
E0000,20500
E0000,20508
E0000,20608
E0000,20613
E0000,20615
E0000,20626
E0000,20679
E0000,20783
E0000,20826
E0000,20829
E0000,20835
E0000,20924
E0000,21027
E0000,21280
E0000,21285
E0000,21440
E0000,21484
E0000,21544
E0000,21572
E0000,21688
E0000,21718
E0000,21926
E0000,22171
E0000,22178
E0000,22179
E0000,22180
E0000,22182
E0000,22183
E0000,22185
E0000,22187
E0000,22188
E0000,22189
E0000,22190
E0000,22191
E0000,22194
E0000,22199
E0000,22210
E0000,22214
E0000,22216
E0000,22217
E0000,22219
E0000,22221
E0000,22223
E0000,22224
E0000,22225
E0000,22226
E0000,22227
E0000,22230
E0000,22231
E0000,22232
E0000,22234
E0000,22235
E0000,22237
E0000,22240
E0000,22242
E0000,22244
E0000,22246
E0000,22247
E0000,22260
E0000,22266
E0000,22272
E0000,22274
E0000,22281
E0000,22309
E0000,22311
E0000,22315
E0000,22317
E0000,22318
E0000,22319
E0000,22320
E0000,22321
E0000,22328
E0000,22334
E0000,22337
E0000,22339
E0000,22341
E0000,22343
E0000,22344
E0000,22346
E0000,22348
E0000,22353
E0000,22356
E0000,22359
E0000,22360
E0000,22364
E0000,22369
E0000,22370
E0000,22403
E0000,22437
E0000,22474
E0000,22495
E0000,22503
E0000,22508
E0000,22916
E0000,23108
E0000,23109
E0000,23110
E0000,23113
E0000,23148
E0000,23152
E0000,23153
E0000,23160
E0000,23163
E0000,23164
E0000,23165
E0000,23170
E0000,23173
E0000,23181
E0000,23182
E0000,23183
E0000,23479
E0000,23487
E0000,23488
E0000,23540
E0000,23774
E0000,23798
E0000,23977
E0000,161
E0000,172
E0000,177
E0000,293
E0000,294
E0000,382
E0000,391
E0000,401
E0000,404
E0000,455
E0000,524
E0000,553
E0000,559
E0000,560
E0000,564
E0000,566
E0000,567
E0000,568
E0000,570
E0000,571
E0000,572
E0000,573
E0000,575
E0000,577
E0000,754
E0000,832
E0000,849
E0000,850
E0000,857
E0000,858
E0000,859
E0000,861
E0000,864
E0000,865
E0000,866
E0000,869
E0000,872
E0000,873
E0000,876
E0000,877
E0000,880
E0000,881
E0000,883
E0000,887
E0000,899
E0000,904
E0000,906
E0000,908
E0000,910
E0000,914
E0000,921
E0000,970
E0000,971
E0000,978
E0000,981
E0000,983
E0000,985
E0000,1004
E0000,1005
E0000,1032
E0000,1048
E0000,1053
E0000,1054
E0000,1055
E0000,1058
E0000,1060
E0000,1064
E0000,1065
E0000,1072
E0000,1078
E0000,1079
E0000,1080
E0000,1086
E0000,1088
E0000,1093
E0000,1098
E0000,1105
E0000,1106
E0000,1108
E0000,1122
E0000,1130
E0000,1134
E0000,1135
E0000,1139
E0000,1141
E0000,1142
E0000,1143
E0000,1147
E0000,1148
E0000,1149
E0000,1151
E0000,1152
E0000,1153
E0000,1155
E0000,1157
E0000,1158
E0000,1159
E0000,1160
E0000,1161
E0000,1162
E0000,1164
E0000,1165
E0000,1166
E0000,1167
E0000,1168
E0000,1169
E0000,1172
E0000,1173
E0000,1174
E0000,1175
E0000,1176
E0000,1177
E0000,1178
E0000,1179
E0000,1186
E0000,1203
E0000,1205
E0000,1206
E0000,1207
E0000,1211
E0000,1218
E0000,1220
E0000,1224
E0000,1225
E0000,1228
E0000,1229
E0000,1230
E0000,1231
E0000,1232
E0000,1233
E0000,1237
E0000,1238
E0000,1239
E0000,1242
E0000,1244
E0000,1246
E0000,1247
E0000,1250
E0000,1253
E0000,1259
E0000,1260
E0000,1263
E0000,1265
E0000,1266
E0000,1267
E0000,1268
E0000,1270
E0000,1272
E0000,1273
E0000,1274
E0000,1275
E0000,1276
E0000,1277
E0000,1279
E0000,1280
E0000,1281
E0000,1282
E0000,1284
E0000,1286
E0000,1298
E0000,1309
E0000,1331
E0000,1339
E0000,1346
E0000,1378
E0000,1381
E0000,1383
E0000,1385
E0000,1386
E0000,1407
E0000,1437
E0000,1451
E0000,1460
E0000,1461
E0000,1462
E0000,1463
E0000,1465
E0000,1468
E0000,1469
E0000,1470
E0000,1471
E0000,1473
E0000,1477
E0000,1478
E0000,1479
E0000,1480
E0000,1481
E0000,1482
E0000,1483
E0000,1485
E0000,1486
E0000,1487
E0000,1488
E0000,1490
E0000,1491
E0000,1492
E0000,1494
E0000,1496
E0000,1498
E0000,1499
E0000,1500
E0000,1503
E0000,1506
E0000,1508
E0000,1509
E0000,1510
E0000,1513
E0000,1515
E0000,1516
E0000,1517
E0000,1521
E0000,1522
E0000,1523
E0000,1525
E0000,1527
E0000,1528
E0000,1529
E0000,1530
E0000,1534
E0000,1535
E0000,1536
E0000,1548
E0000,1550
E0000,1551
E0000,1552
E0000,1555
E0000,1558
E0000,1561
E0000,1562
E0000,1564
E0000,1566
E0000,1567
E0000,1568
E0000,1569
E0000,1571
E0000,1573
E0000,1574
E0000,1575
E0000,1576
E0000,1579
E0000,1580
E0000,1584
E0000,1585
E0000,1589
E0000,1593
E0000,1595
E0000,1596
E0000,1598
E0000,1599
E0000,1600
E0000,1608
E0000,1609
E0000,1616
E0000,1618
E0000,1621
E0000,1641
E0000,1650
E0000,1653
E0000,1654
E0000,1656
E0000,1657
E0000,1660
E0000,1661
E0000,1667
E0000,1669
E0000,1671
E0000,1673
E0000,1678
E0000,1681
E0000,1690
E0000,1691
E0000,1698
E0000,1704
E0000,1708
E0000,1711
E0000,1724
E0000,1725
E0000,1726
E0000,1728
E0000,1732
E0000,1736
E0000,1744
E0000,1747
E0000,1748
E0000,1749
E0000,1751
E0000,1755
E0000,1756
E0000,1757
E0000,1758
E0000,1761
E0000,1773
E0000,1774
E0000,1775
E0000,1777
E0000,1784
E0000,1789
E0000,1792
E0000,1794
E0000,1797
E0000,1805
E0000,1806
E0000,1808
E0000,1811
E0000,1819
E0000,1820
E0000,1822
E0000,1823
E0000,1826
E0000,1827
E0000,1831
E0000,1833
E0000,1839
E0000,1840
E0000,1843
E0000,1844
E0000,1846
E0000,1848
E0000,1851
E0000,1852
E0000,1855
E0000,1858
E0000,1859
E0000,1860
E0000,1861
E0000,1862
E0000,1864
E0000,1867
E0000,1868
E0000,1869
E0000,1870
E0000,1871
E0000,1872
E0000,1873
E0000,1874
E0000,1877
E0000,1881
E0000,1883
E0000,1884
E0000,1885
E0000,1886
E0000,1887
E0000,1888
E0000,1889
E0000,1890
E0000,1892
E0000,1893
E0000,1895
E0000,1898
E0000,1899
E0000,1900
E0000,1901
E0000,1902
E0000,1903
E0000,1904
E0000,1905
E0000,1906
E0000,1908
E0000,1909
E0000,1910
E0000,1911
E0000,1912
E0000,1913
E0000,1915
E0000,1916
E0000,1917
E0000,1918
E0000,1919
E0000,1920
E0000,1921
E0000,1923
E0000,1925
E0000,1926
E0000,1927
E0000,1928
E0000,1929
E0000,1930
E0000,1931
E0000,1932
E0000,1933
E0000,1934
E0000,1935
E0000,1936
E0000,1937
E0000,1938
E0000,1939
E0000,1940
E0000,1941
E0000,1943
E0000,1945
E0000,1946
E0000,1947
E0000,1948
E0000,1949
E0000,1950
E0000,1951
E0000,1952
E0000,1953
E0000,1954
E0000,1955
E0000,1956
E0000,1957
E0000,1959
E0000,1962
E0000,1964
E0000,1966
E0000,1967
E0000,1969
E0000,1970
E0000,1972
E0000,1974
E0000,1976
E0000,1980
E0000,1986
E0000,1987
E0000,1988
E0000,1990
E0000,1998
E0000,1999
E0000,2000
E0000,2002
E0000,2004
E0000,2006
E0000,2007
E0000,2010
E0000,2011
E0000,2012
E0000,2013
E0000,2016
E0000,2017
E0000,2018
E0000,2028
E0000,2030
E0000,2031
E0000,2032
E0000,2033
E0000,2037
E0000,2039
E0000,2040
E0000,2041
E0000,2042
E0000,2044
E0000,2045
E0000,2046
E0000,2047
E0000,2050
E0000,2053
E0000,2054
E0000,2056
E0000,2057
E0000,2060
E0000,2061
E0000,2063
E0000,2066
E0000,2067
E0000,2068
E0000,2069
E0000,2078
E0000,2082
E0000,2086
E0000,2090
E0000,2094
E0000,2100
E0000,2102
E0000,2105
E0000,2109
E0000,2112
E0000,2116
E0000,2118
E0000,2119
E0000,2120
E0000,2122
E0000,2123
E0000,2124
E0000,2125
E0000,2126
E0000,2128
E0000,2129
E0000,2130
E0000,2131
E0000,2137
E0000,2138
E0000,2144
E0000,2145
E0000,2160
E0000,2163
E0000,2173
E0000,2175
E0000,2178
E0000,2179
E0000,2183
E0000,2189
E0000,2195
E0000,2197
E0000,2199
E0000,2201
E0000,2205
E0000,2206
E0000,2209
E0000,2210
E0000,2211
E0000,2213
E0000,2214
E0000,2217
E0000,2227
E0000,2228
E0000,2232
E0000,2240
E0000,2241
E0000,2242
E0000,2243
E0000,2244
E0000,2246
E0000,2247
E0000,2248
E0000,2249
E0000,2250
E0000,2251
E0000,2252
E0000,2253
E0000,2254
E0000,2255
E0000,2257
E0000,2260
E0000,2261
E0000,2263
E0000,2264
E0000,2265
E0000,2293
E0000,2294
E0000,2295
E0000,2296
E0000,2302
E0000,2304
E0000,2305
E0000,2307
E0000,2308
E0000,2309
E0000,2311
E0000,2364
E0000,2368
E0000,2372
E0000,2377
E0000,2420
E0000,2424
E0000,2425
E0000,2426
E0000,2427
E0000,2430
E0000,2431
E0000,2434
E0000,2435
E0000,2436
E0000,2438
E0000,2442
E0000,2444
E0000,2448
E0000,2483
E0000,2484
E0000,2485
E0000,2486
E0000,2487
E0000,2488
E0000,2489
E0000,2490
E0000,2491
E0000,2492
E0000,2493
E0000,2494
E0000,2495
E0000,2496
E0000,2497
E0000,2499
E0000,2500
E0000,2501
E0000,2502
E0000,2503
E0000,2504
E0000,2505
E0000,2507
E0000,2509
E0000,2513
E0000,2516
E0000,2519
E0000,2522
E0000,2548
E0000,2550
E0000,2556
E0000,2571
E0000,2572
E0000,2574
E0000,2608
E0000,2609
E0000,2612
E0000,2619
E0000,2623
E0000,2624
E0000,2626
E0000,2636
E0000,2639
E0000,2641
E0000,2692
E0000,2693
E0000,2694
E0000,2695
E0000,2696
E0000,2697
E0000,2698
E0000,2699
E0000,2700
E0000,2701
E0000,2702
E0000,2703
E0000,2704
E0000,2705
E0000,2706
E0000,2707
E0000,2709
E0000,2710
E0000,2711
E0000,2712
E0000,2713
E0000,2714
E0000,2715
E0000,2716
E0000,2717
E0000,2718
E0000,2719
E0000,2720
E0000,2721
E0000,2723
E0000,2724
E0000,2725
E0000,2726
E0000,2727
E0000,2728
E0000,2730
E0000,2731
E0000,2732
E0000,2733
E0000,2734
E0000,2735
E0000,2736
E0000,2737
E0000,2738
E0000,2739
E0000,2740
E0000,2741
E0000,2742
E0000,2743
E0000,2745
E0000,2746
E0000,2750
E0000,2751
E0000,2752
E0000,2753
E0000,2754
E0000,2755
E0000,2756
E0000,2757
E0000,2758
E0000,2759
E0000,2760
E0000,2763
E0000,2764
E0000,2767
E0000,2770
E0000,2771
E0000,2772
E0000,2773
E0000,2774
E0000,2775
E0000,2776
E0000,2779
E0000,2781
E0000,2782
E0000,2783
E0000,2784
E0000,2786
E0000,2787
E0000,2788
E0000,2795
E0000,2796
E0000,2797
E0000,2798
E0000,2799
E0000,2800
E0000,2802
E0000,2804
E0000,2807
E0000,2809
E0000,2810
E0000,2815
E0000,2816
E0000,2817
E0000,2818
E0000,2819
E0000,2820
E0000,2821
E0000,2824
E0000,2825
E0000,2830
E0000,2832
E0000,2833
E0000,2835
E0000,2837
E0000,2838
E0000,2840
E0000,2844
E0000,2847
E0000,2858
E0000,2860
E0000,2862
E0000,2863
E0000,2864
E0000,2865
E0000,2867
E0000,2868
E0000,2869
E0000,2875
E0000,2877
E0000,2882
E0000,2886
E0000,2889
E0000,2891
E0000,2894
E0000,2900
E0000,2901
E0000,2902
E0000,2903
E0000,2904
E0000,2905
E0000,2909
E0000,2910
E0000,2912
E0000,2913
E0000,2914
E0000,2916
E0000,2917
E0000,2918
E0000,2919
E0000,2920
E0000,2921
E0000,2922
E0000,2923
E0000,2924
E0000,2925
E0000,2926
E0000,2927
E0000,2928
E0000,2930
E0000,2932
E0000,2933
E0000,2934
E0000,2937
E0000,2938
E0000,2940
E0000,2941
E0000,2944
E0000,2946
E0000,2947
E0000,2948
E0000,2949
E0000,2950
E0000,2951
E0000,2952
E0000,2953
E0000,2954
E0000,2957
E0000,2958
E0000,2960
E0000,2961
E0000,2964
E0000,2966
E0000,2967
E0000,2968
E0000,2969
E0000,2971
E0000,2972
E0000,2976
E0000,2979
E0000,2980
E0000,2981
E0000,2982
E0000,2983
E0000,2984
E0000,2986
E0000,2988
E0000,2989
E0000,2992
E0000,2993
E0000,2994
E0000,2995
E0000,2996
E0000,2997
E0000,2998
E0000,2999
E0000,3000
E0000,3001
E0000,3002
E0000,3004
E0000,3005
E0000,3006
E0000,3014
E0000,3016
E0000,3017
E0000,3025
E0000,3027
E0000,3028
E0000,3029
E0000,3030
E0000,3031
E0000,3032
E0000,3033
E0000,3034
E0000,3035
E0000,3037
E0000,3038
E0000,3039
E0000,3040
E0000,3041
E0000,3042
E0000,3043
E0000,3044
E0000,3045
E0000,3046
E0000,3048
E0000,3049
E0000,3050
E0000,3051
E0000,3052
E0000,3053
E0000,3054
E0000,3056
E0000,3058
E0000,3059
E0000,3060
E0000,3061
E0000,3062
E0000,3063
E0000,3065
E0000,3067
E0000,3068
E0000,3070
E0000,3071
E0000,3072
E0000,3074
E0000,3075
E0000,3076
E0000,3077
E0000,3078
E0000,3079
E0000,3080
E0000,3081
E0000,3082
E0000,3083
E0000,3084
E0000,3085
E0000,3087
E0000,3088
E0000,3089
E0000,3090
E0000,3091
E0000,3092
E0000,3093
E0000,3094
E0000,3096
E0000,3097
E0000,3098
E0000,3100
E0000,3101
E0000,3102
E0000,3103
E0000,3104
E0000,3106
E0000,3107
E0000,3108
E0000,3109
E0000,3112
E0000,3113
E0000,3114
E0000,3115
E0000,3116
E0000,3117
E0000,3118
E0000,3119
E0000,3120
E0000,3121
E0000,3122
E0000,3123
E0000,3124
E0000,3127
E0000,3129
E0000,3130
E0000,3131
E0000,3132
E0000,3133
E0000,3134
E0000,3135
E0000,3136
E0000,3137
E0000,3138
E0000,3139
E0000,3140
E0000,3141
E0000,3144
E0000,3145
E0000,3148
E0000,3149
E0000,3150
E0000,3151
E0000,3153
E0000,3154
E0000,3156
E0000,3158
E0000,3159
E0000,3160
E0000,3163
E0000,3164
E0000,3167
E0000,3168
E0000,3169
E0000,3172
E0000,3174
E0000,3175
E0000,3176
E0000,3177
E0000,3178
E0000,3181
E0000,3182
E0000,3183
E0000,3185
E0000,3186
E0000,3187
E0000,3188
E0000,3189
E0000,3190
E0000,3191
E0000,3192
E0000,3194
E0000,3195
E0000,3196
E0000,3197
E0000,3199
E0000,3200
E0000,3201
E0000,3203
E0000,3206
E0000,3207
E0000,3209
E0000,3210
E0000,3211
E0000,3212
E0000,3213
E0000,3214
E0000,3215
E0000,3216
E0000,3218
E0000,3219
E0000,3221
E0000,3222
E0000,3223
E0000,3224
E0000,3225
E0000,3226
E0000,3227
E0000,3229
E0000,3230
E0000,3231
E0000,3232
E0000,3233
E0000,3234
E0000,3235
E0000,3236
E0000,3237
E0000,3239
E0000,3240
E0000,3241
E0000,3242
E0000,3243
E0000,3244
E0000,3245
E0000,3246
E0000,3247
E0000,3248
E0000,3249
E0000,3250
E0000,3251
E0000,3252
E0000,3253
E0000,3254
E0000,3255
E0000,3256
E0000,3257
E0000,3259
E0000,3260
E0000,3262
E0000,3263
E0000,3265
E0000,3266
E0000,3268
E0000,3271
E0000,3272
E0000,3273
E0000,3274
E0000,3275
E0000,3277
E0000,3278
E0000,3279
E0000,3280
E0000,3281
E0000,3282
E0000,3283
E0000,3284
E0000,3285
E0000,3286
E0000,3287
E0000,3288
E0000,3289
E0000,3290
E0000,3291
E0000,3295
E0000,3296
E0000,3297
E0000,3298
E0000,3299
E0000,3301
E0000,3303
E0000,3306
E0000,3308
E0000,3310
E0000,3314
E0000,3315
E0000,3316
E0000,3317
E0000,3318
E0000,3321
E0000,3322
E0000,3325
E0000,3343
E0000,3344
E0000,3346
E0000,3347
E0000,3348
E0000,3349
E0000,3350
E0000,3351
E0000,3353
E0000,3355
E0000,3356
E0000,3359
E0000,3361
E0000,3362
E0000,3364
E0000,3365
E0000,3366
E0000,3368
E0000,3369
E0000,3370
E0000,3371
E0000,3372
E0000,3373
E0000,3374
E0000,3375
E0000,3376
E0000,3377
E0000,3378
E0000,3379
E0000,3381
E0000,3393
E0000,3406
E0000,3407
E0000,3410
E0000,3411
E0000,3412
E0000,3413
E0000,3414
E0000,3415
E0000,3417
E0000,3418
E0000,3422
E0000,3424
E0000,3425
E0000,3426
E0000,3430
E0000,3431
E0000,3432
E0000,3433
E0000,3434
E0000,3435
E0000,3437
E0000,3439
E0000,3440
E0000,3443
E0000,3444
E0000,3445
E0000,3447
E0000,3451
E0000,3452
E0000,3455
E0000,3456
E0000,3457
E0000,3458
E0000,3459
E0000,3460
E0000,3462
E0000,3464
E0000,3465
E0000,3467
E0000,3468
E0000,3469
E0000,3470
E0000,3472
E0000,3473
E0000,3474
E0000,3479
E0000,3481
E0000,3482
E0000,3484
E0000,3487
E0000,3490
E0000,3493
E0000,3495
E0000,3497
E0000,3499
E0000,3506
E0000,3507
E0000,3508
E0000,3509
E0000,3510
E0000,3511
E0000,3512
E0000,3513
E0000,3514
E0000,3515
E0000,3521
E0000,3524
E0000,3532
E0000,3542
E0000,3544
E0000,3546
E0000,3548
E0000,3550
E0000,3551
E0000,3552
E0000,3564
E0000,3565
E0000,3571
E0000,3572
E0000,3582
E0000,3620
E0000,3623
E0000,3625
E0000,3636
E0000,3640
E0000,3644
E0000,3669
E0000,3674
E0000,3713
E0000,3719
E0000,3723
E0000,3726
E0000,3808
E0000,3812
E0000,3862
E0000,3907
E0000,3938
E0000,3939
E0000,3947
E0000,3948
E0000,3951
E0000,3953
E0000,3955
E0000,3956
E0000,3957
E0000,3958
E0000,3963
E0000,3974
E0000,3976
E0000,3977
E0000,3982
E0000,3984
E0000,3990
E0000,4021
E0000,4109
E0000,4118
E0000,4123
E0000,4126
E0000,4130
E0000,4224
E0000,4225
E0000,4227
E0000,4228
E0000,4229
E0000,4237
E0000,4244
E0000,4246
E0000,4248
E0000,4250
E0000,4253
E0000,4259
E0000,4262
E0000,4265
E0000,4269
E0000,4271
E0000,4274
E0000,4275
E0000,4278
E0000,4291
E0000,4294
E0000,4316
E0000,4317
E0000,4318
E0000,4319
E0000,4320
E0000,4321
E0000,4322
E0000,4325
E0000,4326
E0000,4328
E0000,4330
E0000,4331
E0000,4333
E0000,4334
E0000,4339
E0000,4340
E0000,4342
E0000,4345
E0000,4349
E0000,4356
E0000,4357
E0000,4362
E0000,4370
E0000,4371
E0000,4377
E0000,4381
E0000,4384
E0000,4385
E0000,4386
E0000,4389
E0000,4390
E0000,4391
E0000,4394
E0000,4395
E0000,4396
E0000,4397
E0000,4401
E0000,4405
E0000,4406
E0000,4407
E0000,4409
E0000,4411
E0000,4412
E0000,4413
E0000,4414
E0000,4415
E0000,4420
E0000,4422
E0000,4423
E0000,4426
E0000,4433
E0000,4437
E0000,4446
E0000,4450
E0000,4451
E0000,4456
E0000,4505
E0000,4507
E0000,4515
E0000,4552
E0000,4553
E0000,4554
E0000,4555
E0000,4556
E0000,4557
E0000,4558
E0000,4559
E0000,4560
E0000,4561
E0000,4562
E0000,4563
E0000,4564
E0000,4565
E0000,4566
E0000,4567
E0000,4568
E0000,4569
E0000,4570
E0000,4571
E0000,4573
E0000,4577
E0000,4578
E0000,4580
E0000,4581
E0000,4582
E0000,4589
E0000,4594
E0000,4601
E0000,4602
E0000,4604
E0000,4607
E0000,4609
E0000,4613
E0000,4614
E0000,4615
E0000,4616
E0000,4618
E0000,4620
E0000,4622
E0000,4623
E0000,4624
E0000,4632
E0000,4634
E0000,4636
E0000,4637
E0000,4668
E0000,4731
E0000,4781
E0000,4783
E0000,4788
E0000,4933
E0000,4937
E0000,4938
E0000,4940
E0000,4943
E0000,4946
E0000,5018
E0000,5019
E0000,5020
E0000,5024
E0000,5054
E0000,5057
E0000,5058
E0000,5069
E0000,5075
E0000,5079
E0000,5083
E0000,5091
E0000,5093
E0000,5134
E0000,5169
E0000,5178
E0000,5180
E0000,5182
E0000,5190
E0000,5200
E0000,5207
E0000,5217
E0000,5265
E0000,5266
E0000,5267
E0000,5269
E0000,5270
E0000,5271
E0000,5272
E0000,5273
E0000,5274
E0000,5275
E0000,5276
E0000,5277
E0000,5278
E0000,5279
E0000,5281
E0000,5284
E0000,5288
E0000,5289
E0000,5294
E0000,5311
E0000,5315
E0000,5322
E0000,5323
E0000,5325
E0000,5328
E0000,5331
E0000,5333
E0000,5336
E0000,5337
E0000,5340
E0000,5344
E0000,5346
E0000,5347
E0000,5349
E0000,5350
E0000,5351
E0000,5354
E0000,5359
E0000,5364
E0000,5366
E0000,5367
E0000,5368
E0000,5369
E0000,5370
E0000,5374
E0000,5375
E0000,5376
E0000,5380
E0000,5383
E0000,5385
E0000,5387
E0000,5388
E0000,5390
E0000,5393
E0000,5395
E0000,5397
E0000,5398
E0000,5400
E0000,5403
E0000,5409
E0000,5410
E0000,5413
E0000,5415
E0000,5416
E0000,5417
E0000,5421
E0000,5422
E0000,5425
E0000,5427
E0000,5433
E0000,5434
E0000,5436
E0000,5444
E0000,5445
E0000,5447
E0000,5448
E0000,5452
E0000,5454
E0000,5455
E0000,5460
E0000,5461
E0000,5462
E0000,5466
E0000,5470
E0000,5471
E0000,5472
E0000,5475
E0000,5476
E0000,5477
E0000,5478
E0000,5480
E0000,5481
E0000,5484
E0000,5485
E0000,5486
E0000,5487
E0000,5488
E0000,5491
E0000,5495
E0000,5499
E0000,5500
E0000,5504
E0000,5511
E0000,5512
E0000,5513
E0000,5514
E0000,5515
E0000,5517
E0000,5518
E0000,5519
E0000,5526
E0000,5528
E0000,5529
E0000,5548
E0000,5549
E0000,5555
E0000,5557
E0000,5559
E0000,5564
E0000,5565
E0000,5567
E0000,5570
E0000,5572
E0000,5590
E0000,5591
E0000,5592
E0000,5593
E0000,5629
E0000,5630
E0000,5631
E0000,5632
E0000,5633
E0000,5636
E0000,5640
E0000,5641
E0000,5644
E0000,5645
E0000,5646
E0000,5647
E0000,5648
E0000,5650
E0000,5654
E0000,5657
E0000,5659
E0000,5663
E0000,5664
E0000,5666
E0000,5672
E0000,5673
E0000,5674
E0000,5675
E0000,5677
E0000,5678
E0000,5679
E0000,5684
E0000,5686
E0000,5690
E0000,5691
E0000,5692
E0000,5694
E0000,5698
E0000,5699
E0000,5700
E0000,5701
E0000,5702
E0000,5704
E0000,5705
E0000,5706
E0000,5707
E0000,5708
E0000,5709
E0000,5710
E0000,5711
E0000,5712
E0000,5713
E0000,5714
E0000,5716
E0000,5718
E0000,5719
E0000,5720
E0000,5721
E0000,5723
E0000,5725
E0000,5727
E0000,5729
E0000,5730
E0000,5736
E0000,5742
E0000,5743
E0000,5744
E0000,5747
E0000,5748
E0000,5749
E0000,5754
E0000,5755
E0000,5757
E0000,5761
E0000,5824
E0000,5830
E0000,5847
E0000,5848
E0000,5850
E0000,5851
E0000,5852
E0000,5853
E0000,5854
E0000,5855
E0000,5857
E0000,5859
E0000,5860
E0000,5861
E0000,5863
E0000,5864
E0000,5867
E0000,5868
E0000,5881
E0000,5882
E0000,5887
E0000,5895
E0000,5913
E0000,5914
E0000,5915
E0000,5924
E0000,5932
E0000,5933
E0000,5936
E0000,5939
E0000,5941
E0000,5976
E0000,5977
E0000,5978
E0000,5979
E0000,5981
E0000,5985
E0000,5987
E0000,5988
E0000,5992
E0000,5993
E0000,5994
E0000,6007
E0000,6010
E0000,6017
E0000,6019
E0000,6020
E0000,6021
E0000,6023
E0000,6026
E0000,6028
E0000,6030
E0000,6032
E0000,6033
E0000,6034
E0000,6036
E0000,6038
E0000,6040
E0000,6041
E0000,6045
E0000,6048
E0000,6049
E0000,6052
E0000,6057
E0000,6058
E0000,6060
E0000,6061
E0000,6062
E0000,6063
E0000,6068
E0000,6070
E0000,6072
E0000,6073
E0000,6096
E0000,6123
E0000,6134
E0000,6146
E0000,6189
E0000,6195
E0000,6196
E0000,6197
E0000,6198
E0000,6199
E0000,6201
E0000,6203
E0000,6204
E0000,6205
E0000,6207
E0000,6208
E0000,6209
E0000,6211
E0000,6212
E0000,6213
E0000,6214
E0000,6215
E0000,6216
E0000,6219
E0000,6223
E0000,6224
E0000,6226
E0000,6229
E0000,6230
E0000,6232
E0000,6233
E0000,6234
E0000,6237
E0000,6248
E0000,6249
E0000,6253
E0000,6254
E0000,6256
E0000,6286
E0000,6336
E0000,6339
E0000,6351
E0000,6354
E0000,6355
E0000,6356
E0000,6358
E0000,6361
E0000,6364
E0000,6366
E0000,6367
E0000,6368
E0000,6369
E0000,6371
E0000,6372
E0000,6374
E0000,6375
E0000,6377
E0000,6381
E0000,6385
E0000,6386
E0000,6397
E0000,6398
E0000,6400
E0000,6401
E0000,6402
E0000,6404
E0000,6405
E0000,6406
E0000,6407
E0000,6408
E0000,6409
E0000,6410
E0000,6411
E0000,6412
E0000,6413
E0000,6415
E0000,6418
E0000,6419
E0000,6420
E0000,6421
E0000,6423
E0000,6424
E0000,6426
E0000,6427
E0000,6428
E0000,6429
E0000,6431
E0000,6433
E0000,6434
E0000,6435
E0000,6436
E0000,6438
E0000,6439
E0000,6440
E0000,6442
E0000,6443
E0000,6445
E0000,6447
E0000,6453
E0000,6454
E0000,6456
E0000,6462
E0000,6464
E0000,6465
E0000,6466
E0000,6467
E0000,6470
E0000,6471
E0000,6472
E0000,6474
E0000,6477
E0000,6478
E0000,6479
E0000,6483
E0000,6484
E0000,6485
E0000,6486
E0000,6488
E0000,6491
E0000,6492
E0000,6493
E0000,6494
E0000,6496
E0000,6497
E0000,6500
E0000,6501
E0000,6508
E0000,6515
E0000,6531
E0000,6557
E0000,6564
E0000,6640
E0000,6656
E0000,6658
E0000,6667
E0000,6694
E0000,6696
E0000,6697
E0000,6698
E0000,6700
E0000,6709
E0000,6710
E0000,6714
E0000,6715
E0000,6716
E0000,6717
E0000,6719
E0000,6720
E0000,6721
E0000,6722
E0000,6723
E0000,6724
E0000,6725
E0000,6727
E0000,6728
E0000,6729
E0000,6730
E0000,6732
E0000,6733
E0000,6734
E0000,6735
E0000,6736
E0000,6737
E0000,6738
E0000,6739
E0000,6740
E0000,6741
E0000,6742
E0000,6743
E0000,6744
E0000,6745
E0000,6746
E0000,6747
E0000,6748
E0000,6749
E0000,6750
E0000,6751
E0000,6753
E0000,6754
E0000,6755
E0000,6756
E0000,6769
E0000,6770
E0000,6802
E0000,6806
E0000,6821
E0000,6830
E0000,6832
E0000,6835
E0000,6836
E0000,6841
E0000,6843
E0000,6861
E0000,6865
E0000,6905
E0000,6911
E0000,6914
E0000,6917
E0000,6920
E0000,6922
E0000,6931
E0000,6934
E0000,6937
E0000,6943
E0000,6944
E0000,6947
E0000,6949
E0000,6952
E0000,6957
E0000,6963
E0000,6966
E0000,6967
E0000,6973
E0000,6975
E0000,6977
E0000,6980
E0000,6984
E0000,6986
E0000,6987
E0000,6996
E0000,7015
E0000,7018
E0000,7026
E0000,7048
E0000,7050
E0000,7052
E0000,7054
E0000,7060
E0000,7067
E0000,7069
E0000,7072
E0000,7073
E0000,7076
E0000,7077
E0000,7078
E0000,7080
E0000,7083
E0000,7084
E0000,7087
E0000,7090
E0000,7092
E0000,7094
E0000,7095
E0000,7102
E0000,7103
E0000,7104
E0000,7111
E0000,7114
E0000,7116
E0000,7118
E0000,7120
E0000,7130
E0000,7132
E0000,7135
E0000,7136
E0000,7139
E0000,7141
E0000,7142
E0000,7143
E0000,7145
E0000,7146
E0000,7147
E0000,7148
E0000,7149
E0000,7152
E0000,7153
E0000,7157
E0000,7158
E0000,7159
E0000,7161
E0000,7163
E0000,7168
E0000,7169
E0000,7171
E0000,7174
E0000,7175
E0000,7223
E0000,7224
E0000,7227
E0000,7229
E0000,7232
E0000,7233
E0000,7234
E0000,7235
E0000,7236
E0000,7237
E0000,7240
E0000,7244
E0000,7246
E0000,7320
E0000,7322
E0000,7327
E0000,7345
E0000,7359
E0000,7361
E0000,7364
E0000,7366
E0000,7367
E0000,7370
E0000,7371
E0000,7372
E0000,7375
E0000,7376
E0000,7377
E0000,7378
E0000,7380
E0000,7382
E0000,7386
E0000,7387
E0000,7391
E0000,7449
E0000,7508
E0000,7510
E0000,7554
E0000,7558
E0000,7563
E0000,7564
E0000,7565
E0000,7566
E0000,7568
E0000,7569
E0000,7571
E0000,7573
E0000,7574
E0000,7604
E0000,7605
E0000,7607
E0000,7610
E0000,7613
E0000,7614
E0000,7615
E0000,7616
E0000,7617
E0000,7619
E0000,7620
E0000,7623
E0000,7626
E0000,7628
E0000,7631
E0000,7634
E0000,7636
E0000,7637
E0000,7638
E0000,7640
E0000,7644
E0000,7646
E0000,7648
E0000,7657
E0000,7677
E0000,7694
E0000,7711
E0000,7737
E0000,7738
E0000,7739
E0000,7740
E0000,7741
E0000,7742
E0000,7743
E0000,7744
E0000,7747
E0000,7753
E0000,7863
E0000,7934
E0000,7937
E0000,7942
E0000,7943
E0000,7945
E0000,7948
E0000,7978
E0000,7985
E0000,8033
E0000,8036
E0000,8039
E0000,8044
E0000,8048
E0000,8049
E0000,8052
E0000,8067
E0000,8069
E0000,8070
E0000,8071
E0000,8073
E0000,8077
E0000,8084
E0000,8086
E0000,8089
E0000,8091
E0000,8093
E0000,8112
E0000,8116
E0001,1314
E0001,1317
E0001,1364
E0001,3829
E0001,3882
E0001,3884
E0001,3890
E0001,3898
E0001,3901
E0001,3926
E0001,5870
E0001,5962
E0001,7721
E0001,10609
E0001,10634
E0001,10716
E0001,12696
E0001,12759
E0001,12992
E0001,12993
E0002,6294
E0002,8201
E0002,8202
E0002,17665
E0002,22702
E0002,22722
E0003,15219
E0003,7870
E0003,7972
E0003,7976
E0003,7979
E0004,431
E0004,19889
E0004,3450
E0004,6246
E0005,1742
E0005,15153
E0005,5740
E0006,6685
E0006,6712
E0006,17360
E0007,12755
E0007,12764
E0007,12803
E0008,3193
E0008,3258
E0008,7238
E0009,4358
E0009,4366
E0009,4388
E0010,6430
E0010,6441
E0010,6482
